Container,SzTpHt,,Line,Location,Destination,Freight Kind,POD,Position,Booking,Category,Vessel / Voyage,Gross WT,Tare WT,,In Time,,Holds,Commodity,Haz Details,Temp Req,Units,On Dock,OOG
ZCSU8641398,40GP96,,ZIM,RAILCAR,,FCL,SHA,R-DTTX765206-BT1,ZIMUVAN934440,EXPRT,GIAN / 44,5446,3899.99,,,,,,,,,N,
ZCSU2744721,40GP86,,ZIM,RAILCAR,,FCL,PUS,R-DTTX751309-AB1,ZIMUTRT0095869,EXPRT,GIAN / 44,29378,3800,,,,,,,,,N,
ZCSU8536582,40GP96,,ZIM,RAILCAR,,FCL,NGB,R-DTTX751309-CT1,ZIMUMTL902809,EXPRT,GIAN / 44,19885.49,3084,,,,,,,,,N,
ZIMU2867155,20GP86,,ZIM,RAILCAR,,FCL,PUS,R-DTTX743993-BB1,ZIMUTRT0095242,EXPRT,GIAN / 44,23616,2350,,,,,,,,,N,
TCNU1056437,40GP96,,ZIM,RAILCAR,,FCL,NGB,R-CP524349-CB1,ZIMUVAN934430,EXPRT,GIAN / 44,6433.75,4000,,,,,,,,,N,
TCNU4343472,40GP96,,ZIM,RAILCAR,,FCL,SHA,R-DTTX721570-AB1,ZIMUVAN934385,EXPRT,GIAN / 44,5518,4000,,,,,,,,,N,
ZCSU2602270,40GP86,,ZIM,RAILCAR,,FCL,PUS,R-DTTX751309-CB1,ZIMUTRT0095869,EXPRT,GIAN / 44,29378,3720,,,,,,,,,N,
ZCSU2692510,40GP86,,ZIM,RAILCAR,,FCL,PUS,R-DTTX620108-CB1,ZIMUTRT0095869,EXPRT,GIAN / 44,29378,3719,,,,,,,,,N,
TLLU4309123,40GP96,,ZIM,RAILCAR,,FCL,PUS,R-CP524349-BB1,ZIMUVAN934405,EXPRT,GIAN / 44,5370.08,3700,,,,,,,,,N,
TLLU4592603,40GP96,,ZIM,RAILCAR,,FCL,PUS,R-DTTX721570-BB1,ZIMUVAN934405,EXPRT,GIAN / 44,4483.76,4000,,,,,,,,,N,
DRYU9230917,40GP96,,ZIM,RAILCAR,,FCL,SHA,R-DTTX466069-AT1,ZIMUTRT0095553,EXPRT,GIAN / 44,12190,4000,,,,,,,,,N,
FSCU8162938,40GP96,,ZIM,RAILCAR,,FCL,DCB,R-DTTX659375-AB1,ZIMUORF0832580,EXPRT,GIAN / 44,30138.95,4000,,,,,,,,,N,
TCNU2502575,40GP96,,ZIM,RAILCAR,,FCL,DCB,R-SMW210605-AB1,ZIMUORF0832585,EXPRT,GIAN / 44,30008.76,4000,,,,,,,,,N,
BMOU2258819,20GP86,,ZIM,RAILCAR,,FCL,NGB,R-DTTX781164-CB2,SSPHTRT0096045,EXPRT,GIAN / 44,16246,2222,,,,,,,,,N,
BSIU2405221,20GP86,,ZIM,RAILCAR,,FCL,PKG,R-DTTX781164-EB1,SSPHTRT0095920,EXPRT,GIAN / 44,22585,2350,,,,,,,,,N,
FCIU8920427,40GP96,,ZIM,RAILCAR,,FCL,NGB,R-DTTX62754-AB2,ZIMUORF0831106,EXPRT,GIAN / 44,26056,3830,,,,,,,,,N,
FCIU4123894,20GP86,,ZIM,RAILCAR,,FCL,TAO,R-DTTX742657-EB2,ZIMUTRT0096072,EXPRT,GIAN / 44,3002.33,2181.78,,,,,,,,,N,
BSIU3017494,20GP86,,ZIM,RAILCAR,,FCL,PUS,R-DTTX759396-DB2,ZIMUMTL0074222,EXPRT,GIAN / 44,11398.78,2267.96,,,,,,,,,N,
BSIU9768384,40GP96,,ZIM,RAILCAR,,FCL,SHA,R-DTTX765206-CT1,ZIMUVAN934458,EXPRT,GIAN / 44,5527,4000,,,,,,,,,N,
CAIU6073578,20GP86,,ZIM,RAILCAR,,FCL,PUS,R-DTTX59556-AB2,ZIMUMTL0074380,EXPRT,GIAN / 44,22427,2267,,,,,,,,,N,
CAIU3505298,20GP86,,ZIM,RAILCAR,,FCL,PUS,R-CN677060-BB2,ZIMUMTL0074222,EXPRT,GIAN / 44,22387,2350,,,,,,,,,N,
CAIU4429124,40GP96,,ZIM,RAILCAR,,FCL,PUS,R-DTTX751105-CB1,ZIMUTRT0096038,EXPRT,GIAN / 44,10731,3642.35,,,,,,,,,N,
TCLU5147672,40GP96,,ZIM,RAILCAR,,FCL,NGB,R-DTTX62754-EB2,ZIMUORF0831106,EXPRT,GIAN / 44,26066,4000,,,,,,,,,N,
ZIMU2770000,20GP86,,ZIM,RAILCAR,,FCL,NGB,R-DTTX655963-AB1,SSPHORF0834407,EXPRT,GIAN / 44,3129,2350,,,,,,,,,N,
CXDU2379506,20GP86,,ZIM,RAILCAR,,FCL,SHA,R-DTTX747912-AB1,ZIMUMTL0074391,EXPRT,GIAN / 44,20571.77,2180,,,,,,,,,N,
TCNU4637780,40GP96,,ZIM,RAILCAR,,FCL,NGB,R-DTTX62754-BB2,ZIMUORF0833461,EXPRT,GIAN / 44,26125,3899,,,,,,,,,N,
ZCSU6534277,40GP96,,ZIM,RAILCAR,,FCL,NGB,R-BNSF254642-BB2,ZIMUORF0833461,EXPRT,GIAN / 44,25925,4000,,,,,,,,,N,
ZCSU8260745,40GP96,,ZIM,RAILCAR,,FCL,NGB,R-DTTX62754-CB2,ZIMUORF0833461,EXPRT,GIAN / 44,26116,4000,,,,,,,,,N,
ZCSU7001734,40GP96,,ZIM,YARD,,FCL,SHA,Y-DLT-D052D4,ZIMUVAN0075074,EXPRT,GIAN / 44,29331,4000,,11-17-2018 6:03:48 PM,,,"WOODPULP, BALED-UNITIZED",,,,Y,
ZCSU8514304,40GP96,,ZIM,RAILCAR,,FCL,NGB,R-BNSF254642-AB2,ZIMUORF0833461,EXPRT,GIAN / 44,26145,4000,,,,,,,,,N,
BSIU9543310,40GP96,,ZIM,RAILCAR,,FCL,SHA,R-BNSF255408-AB1,ZIMUVAN934390,EXPRT,GIAN / 44,5105.18,4000,,,,,,,,,N,
TLLU4441736,40GP96,,ZIM,RAILCAR,,FCL,NGB,R-DTTX62754-DB2,ZIMUORF0833461,EXPRT,GIAN / 44,25925,4000,,,,,,,,,N,
TLLU4856265,40GP96,,ZIM,RAILCAR,,FCL,SHA,R-DTTX747958-AT1,ZIMUVAN934468,EXPRT,GIAN / 44,6760,4000,,,,,,,,,N,
TCNU9228430,40GP96,,ZIM,RAILCAR,,FCL,SHA,R-DTTX788464-AT1,ZIMUVAN934466,EXPRT,GIAN / 44,6731,3880,,,,,,,,,N,
AXIU1605435,40GP96,,ZIM,RAILCAR,,FCL,PKG,R-DTTX785251-CT1,ZIMUORF0831178,EXPRT,GIAN / 44,22998,4000,,,,,"BONE MEAL, UNITIZED",,,,N,
CAIU4428806,40GP96,,ZIM,RAILCAR,,FCL,PKG,R-DTTX785251-AB1,SSPHORF0833018,EXPRT,GIAN / 44,29203,4000,,,,,"BONE MEAL, UNITIZED",,,,N,
ZCSU8947156,40GP96,,ZIM,RAILCAR,,FCL,NGB,R-BNSF254642-CB2,ZIMUORF0833461,EXPRT,GIAN / 44,26125,4000,,,,,,,,,N,
FCIU4115559,20GP86,,ZIM,RAILCAR,,FCL,PKG,R-DTTX767153-AB1,SSPHTRT0095738,EXPRT,GIAN / 44,21952,2181,,,,,,,,,N,
GAOU6080513,40GP96,,ZIM,RAILCAR,,FCL,PKG,R-DTTX785251-AT1,ZIMUORF0833477,EXPRT,GIAN / 44,21699,4000,,,,,,,,,N,
JXJU2943234,20GP86,,ZIM,RAILCAR,,FCL,NGB,R-DTTX759396-AB2,ZIMUVAN0075180,EXPRT,GIAN / 44,7202,2267,,,,,,,,,N,
GLDU3746993,20GP86,,ZIM,RAILCAR,,FCL,PKG,R-DTTX787723-BB1,SSPHMTL902737,EXPRT,GIAN / 44,22427,2230,,,,,,,,,N,
TCKU1927441,20GP86,,ZIM,RAILCAR,,FCL,PKG,R-DTTX786457-BB2,SSPHTRT0095920,EXPRT,GIAN / 44,22650,2230,,,,,,,,,N,
SEGU2216301,20GP86,,ZIM,RAILCAR,,FCL,PUS,R-DTTX724722-AB1,ZIMUTRT0095946,EXPRT,GIAN / 44,23237,2180,,,,,,,,,N,
SEGU2670187,20GP86,,ZIM,RAILCAR,,FCL,PKG,R-DTTX786457-BB1,SSPHTRT0095920,EXPRT,GIAN / 44,22340,2180,,,,,,,,,N,
ZCSU8435756,40GP96,,ZIM,YARD,,FCL,PUS,Y-DLT-D096C2,ZIMULAX0131483,EXPRT,GIAN / 44,20000,4000,,11-16-2018 10:58:53 PM,,,METAL SCRAP,,,,Y,
GLDU5276081,20GP86,,ZIM,RAILCAR,,FCL,PUS,R-CP523228-AB2,ZIMUMTL0074222,EXPRT,GIAN / 44,22326,2220,,,,,,,,,N,
FXLU1697410,20GP86,,ZIM,RAILCAR,,FCL,PUS,R-CN677060-BB1,ZIMUMTL0074222,EXPRT,GIAN / 44,22377,2350,,,,,,,,,N,
CRSU9062329,40GP96,,ZIM,RAILCAR,,FCL,SHA,R-DTTX727096-BB1,ZIMUTRT0095753,EXPRT,GIAN / 44,10095,4000,,,,,,,,,N,
ZIMU3031771,20GP86,,ZIM,RAILCAR,,FCL,NGB,R-DTTX760977-CB2,ZIMUTRT0095578,EXPRT,GIAN / 44,22570,2350,,,,,,,,,N,
ZIMU3078090,20GP86,,ZIM,RAILCAR,,FCL,PUS,R-DTTX743423-EB1,ZIMUTRT0095244,EXPRT,GIAN / 44,23516,2181.78,,,,,,,,,N,
ZIMU1331321,20GP86,,ZIM,RAILCAR,,FCL,PUS,R-DTTX59556-AB1,ZIMUMTL0074380,EXPRT,GIAN / 44,22328,2258,,,,,,,,,N,
ZIMU1370251,20GP86,,ZIM,RAILCAR,,FCL,NGB,R-DTTX724722-AB2,ZIMUTRT0096056,EXPRT,GIAN / 44,4204.84,2260,,,,,,,,,N,
ZIMU2964983,20GP86,,ZIM,RAILCAR,,FCL,NGB,R-DTTX744093-BB2,ZIMUTRT0095714,EXPRT,GIAN / 44,22585,2249,,,,,,,,,N,
FCIU8920089,40GP96,,ZIM,RAILCAR,,FCL,PUS,R-CN677060-CB1,ZIMUMTL902745,EXPRT,GIAN / 44,25452,4000,,,,,,,,,N,
TCKU1276611,20GP86,,ZIM,RAILCAR,,FCL,PUS,R-GTW676018-CB1,ZIMUTRT0096024,EXPRT,GIAN / 44,23436,2350,,,,,,,,,N,
ZIMU1050915,20GP86,,ZIM,RAILCAR,,FCL,PUS,R-DTTX787723-CB2,ZIMUTRT0095243,EXPRT,GIAN / 44,23596,2350,,,,,,,,,N,
CXTU1072857,20TD86,,ZIM,RAILCAR,,FCL,SHA,R-DTTX787841-CB1,ZIMUORF0828478,EXPRT,GIAN / 44,23696,3719.91,,,,,,,,,N,
CXTU1110432,20TD86,,ZIM,RAILCAR,,FCL,SHA,R-DTTX451594-AB1,ZIMUORF0828775,EXPRT,GIAN / 44,23456,4300.06,,,,,,,,,N,
CXTU1111212,20TD86,,ZIM,RAILCAR,,FCL,SHA,R-DTTX787841-CB2,ZIMUORF0828478,EXPRT,GIAN / 44,23937,4300.06,,,,,,,,,N,
ZCSU8860837,40GP96,,ZIM,RAILCAR,,FCL,SHA,R-DTTX750858-AB1,ZIMUORF0834874,EXPRT,GIAN / 44,12180,3900,,,,,,,,,N,
ZIMU2957557,20GP86,,ZIM,RAILCAR,,FCL,PUS,R-DTTX787206-AB1,ZIMUTRT0095241,EXPRT,GIAN / 44,23586,2350,,,,,,,,,N,
TCNU4254138,40GP96,,ZIM,RAILCAR,,FCL,TAO,R-DTTX55699-AB1,ZIMUMTL902692,EXPRT,GIAN / 44,29899.9,4000,,,,,,,,,N,
TEMU2117049,20GP86,,ZIM,RAILCAR,,FCL,PUS,R-DTTX787206-CB2,ZIMUMTL902783,EXPRT,GIAN / 44,22429,2199,,,,,,,,,N,
TRHU3057797,20GP86,,ZIM,RAILCAR,,FCL,PKG,R-DTTX787723-CB1,SSPHMTL902737,EXPRT,GIAN / 44,22427,2267,,,,,,,,,N,
ZCSU2602413,40GP86,,ZIM,RAILCAR,,FCL,PUS,R-GTW676018-AB1,ZIMUTRT0095869,EXPRT,GIAN / 44,29253,3800,,,,,,,,,N,
SUTU2580059,20TD86,,ZIM,RAILCAR,,FCL,SHA,R-DTTX451594-AB2,ZIMUORF0828775,EXPRT,GIAN / 44,23546,4300.06,,,,,,,,,N,
SUTU2648966,20TD86,,ZIM,RAILCAR,,FCL,SHA,R-DTTX787841-AB2,ZIMUORF0828478,EXPRT,GIAN / 44,23996,3999.78,,,,,,,,,N,
GCXU5069790,40GP96,,ZIM,RAILCAR,,FCL,SHA,R-DTTX749748-AB1,ZIMUVAN934388,EXPRT,GIAN / 44,5123,4000,,,,,,,,,N,
ZCSU2728401,40GP86,,ZIM,RAILCAR,,FCL,PUS,R-DTTX55699-AT1,ZIMUTRT0095869,EXPRT,GIAN / 44,29378,3800,,,,,,,,,N,
ZCSU7085777,40GP96,,ZIM,RAILCAR,,FCL,TAO,R-GTW676018-BB1,ZIMUMTL902695,EXPRT,GIAN / 44,29899.9,4000,,,,,,,,,N,
ZIMU1066172,20GP86,,ZIM,RAILCAR,,FCL,PUS,R-GTW676018-CB2,ZIMUMTL902783,EXPRT,GIAN / 44,22338,2350,,,,,,,,,N,
ZIMU1088612,20GP86,,ZIM,RAILCAR,,FCL,PUS,R-CN677060-DB1,ZIMUTRT0095369,EXPRT,GIAN / 44,22280,2260,,,,,"GENERAL CARGO, UNITIZED",,,,N,
ZCSU8591337,40GP96,,ZIM,RAILCAR,,FCL,PKG,R-DTTX785251-BB1,SSPHORF0833018,EXPRT,GIAN / 44,29403,4000,,,,,"BONE MEAL, UNITIZED",,,,N,
TRHU3330200,20GP86,,ZIM,RAILCAR,,FCL,SHA,R-BNSF237955-BB2,ZIMUTRT0094787A,EXPRT,GIAN / 44,23516,2350,,,,,,,,,N,
ZIMU1266777,20GP86,,ZIM,YARD,,FCL,SHA,Y-DLT-D039B1,ZIMUTRT0094787A,EXPRT,GIAN / 44,23556,2258.89,,11-19-2018 11:19:22 AM,,,,,,,Y,
ZIMU1145899,20GP86,,ZIM,RAILCAR,,FCL,PUS,R-DTTX787723-AB1,ZIMUMTL902783,EXPRT,GIAN / 44,22458,2350,,,,,,,,,N,
ZIMU1281391,20GP86,,ZIM,RAILCAR,,FCL,PUS,R-DTTX787206-BB1,ZIMUMTL902783,EXPRT,GIAN / 44,22388,2258,,,,,,,,,N,
ZIMU1328040,20GP86,,ZIM,RAILCAR,,FCL,PUS,R-DTTX787723-AB2,ZIMUMTL902783,EXPRT,GIAN / 44,22428,2258,,,,,,,,,N,
TRHU3328327,20GP86,,ZIM,RAILCAR,,FCL,PKG,R-SFLC7411-BB1,SSPHTRT0095604,EXPRT,GIAN / 44,2180,2180,,,,,SOYBEAN DRINK,,,,N,
ZIMU3023267,20GP86,,ZIM,RAILCAR,,FCL,PUS,R-CN677012-AB1,ZIMUMTL0074380,EXPRT,GIAN / 44,2350,2350,,,,,"GENERAL CARGO, UNITIZED",,,,N,
SEGU2213410,20GP86,,ZIM,RAILCAR,,FCL,PUS,R-DTTX453090-AB2,ZIMUTRT0095369,EXPRT,GIAN / 44,22200,2180,,,,,"GENERAL CARGO, UNITIZED",,,,N,
ZCSU2603600,40GP86,,ZIM,RAILCAR,,FCL,PUS,R-DTTX466580-AT1,ZIMUTRT0095869,EXPRT,GIAN / 44,29378,3720,,,,,,,,,N,
ZCSU2637831,40GP86,,ZIM,RAILCAR,,FCL,PUS,R-DTTX751309-EB1,ZIMUMTL0074355,EXPRT,GIAN / 44,29369,3720,,,,,HIDES,,,,N,
SEGU2183384,20GP86,,ZIM,RAILCAR,,FCL,PKG,R-DTTX788796-AB1,SSPHTRT0095738,EXPRT,GIAN / 44,20267,2267,,,,,,,,,N,
ZCSU2669090,40GP86,,ZIM,RAILCAR,,FCL,TAO,R-DTTX760989-DB1,ZIMUTRT0095166,EXPRT,GIAN / 44,7621,3719.46,,,,,,,,,N,
TLLU4304311,40GP96,,ZIM,RAILCAR,,FCL,PKG,R-DTTX740754-EB1,SSPHMTL902722,EXPRT,GIAN / 44,3700,3700,,,,,,,,,N,
ZCSU8515240,40GP96,,ZIM,RAILCAR,,FCL,PKG,R-DTTX740754-BB1,SSPHMTL902722,EXPRT,GIAN / 44,4000,4000,,,,,,,,,N,
ZCSU2615874,40GP86,,ZIM,RAILCAR,,FCL,DCB,R-DTTX741104-DB1,ZIMUTRT0094774,EXPRT,GIAN / 44,29575,3719.46,,,,,,,,,N,
ZCSU2714007,40GP86,,ZIM,RAILCAR,,FCL,SHA,R-DTTX760989-CB1,ZIMUTRT0095705,EXPRT,GIAN / 44,29685,3800,,,,,,,,,N,
ZCSU2576103,40GP86,,ZIM,RAILCAR,,FCL,DCB,R-DTTX729225-BB1,ZIMUTRT0094774,EXPRT,GIAN / 44,29314,3740,,,,,,,,,N,
GAOU6138240,40GP96,,ZIM,RAILCAR,,FCL,NGB,R-DTTX759805-BB1,ZIMULAX0131615,EXPRT,GIAN / 44,23204.88,4000,,,,,,,,,N,
TCNU5361470,40GP96,,ZIM,RAILCAR,,FCL,PKG,R-DTTX658720-AB1,SSPHMTL902722,EXPRT,GIAN / 44,3900,3900,,,,,,,,,N,
ZIMU3009696,20GP86,,ZIM,RAILCAR,,FCL,NGB,R-DTTX744093-BB1,ZIMUTRT0095714,EXPRT,GIAN / 44,22515,2350,,,,,,,,,N,
CAIU4336470,40GP96,,ZIM,YARD,,FCL,PUS,Y-DLT-E014G1,ZIMULAX0131482,EXPRT,GIAN / 44,23498.71,4000,,11-17-2018 10:34:04 PM,,,,,,,Y,
DFSU6494711,40GP96,,ZIM,RAILCAR,,FCL,PUS,R-DTTX62748-AB1,ZIMUVAN934405,EXPRT,GIAN / 44,5441.29,4000,,,,,,,,,N,
TEMU1048745,20GP86,,ZIM,RAILCAR,,FCL,PUS,R-DTTX787206-CB1,ZIMUTRT0093832,EXPRT,GIAN / 44,23436,2350,,,,,,,,,N,
TRHU2926319,20GP86,,ZIM,RAILCAR,,FCL,PUS,R-DTTX785284-CB1,ZIMUMTL0073730,EXPRT,GIAN / 44,23615,2350,,,,,,,,,N,
ZIMU1333237,20GP86,,ZIM,RAILCAR,,FCL,PUS,R-DTTX765913-BB1,ZIMUMTL0073730,EXPRT,GIAN / 44,23692,2350,,,,,,,,,N,
ZCSU8703801,40GP96,,ZIM,YARD,,FCL,SHA,Y-DLT-E038G1,ZIMUORF0834874,EXPRT,GIAN / 44,10555,4000,,11-18-2018 4:19:02 PM,,,,,,,Y,
TCNU4245774,40GP96,,ZIM,RAILCAR,,FCL,DCB,R-DTTX788415-BB1,ZIMUORF0832585,EXPRT,GIAN / 44,22044.14,4000,,,,,,,,,N,
FSCU8166574,40GP96,,ZIM,RAILCAR,,FCL,SHA,R-DTTX62748-CB1,ZIMUVAN934460,EXPRT,GIAN / 44,5473,4000,,,,,,,,,N,
TRHU3224512,20GP86,,ZIM,RAILCAR,,FCL,PUS,R-DTTX787206-BB2,ZIMUTRT0095241,EXPRT,GIAN / 44,23516,2350,,,,,,,,,N,
ZIMU1335008,20GP86,,ZIM,RAILCAR,,FCL,PUS,R-DTTX787723-BB2,ZIMUTRT0095241,EXPRT,GIAN / 44,23596,2260,,,,,,,,,N,
TGHU9615370,40GP96,,ZIM,RAILCAR,,FCL,NGB,R-DTTX759805-CB1,ZIMULAX0131615,EXPRT,GIAN / 44,23394.93,4000,,,,,,,,,N,
TLLU5316657,40GP96,,ZIM,RAILCAR,,FCL,SHA,R-DTTX62324-EB1,ZIMUVAN934389,EXPRT,GIAN / 44,5499.35,3810.18,,,,,,,,,N,
TEMU4668631,20GP86,,ZIM,RAILCAR,,FCL,PKG,R-DTTX659614-AB2,SSPHTRT0095738,EXPRT,GIAN / 44,20335,2350,,,,,,,,,N,
CRSU9061153,40GP96,,ZIM,RAILCAR,,FCL,NGB,R-FEC72015-AT1,ZIMUORF0831106,EXPRT,GIAN / 44,26125,3900,,,,,,,,,N,
DFSU6298581,40GP96,,ZIM,RAILCAR,,FCL,NGB,R-DTTX787609-AB2,ZIMUORF0831106,EXPRT,GIAN / 44,26026,4000,,,,,,,,,N,
DFSU6496139,40GP96,,ZIM,RAILCAR,,FCL,NGB,R-CP527630-AB1,ZIMUORF0831106,EXPRT,GIAN / 44,26026,4000,,,,,,,,,N,
FCIU8954772,40GP96,,ZIM,RAILCAR,,FCL,NGB,R-DTTX645377-AT1,ZIMUORF0831106,EXPRT,GIAN / 44,26056,4000,,,,,,,,,N,
SEGU5754907,40GP96,,ZIM,RAILCAR,,FCL,NGB,R-DTTX645377-AB1,ZIMUORF0833461,EXPRT,GIAN / 44,26056,4000,,,,,,,,,N,
FCIU8919067,40GP96,,ZIM,RAILCAR,,FCL,NGB,R-DTTX787609-CB2,ZIMUORF0833461,EXPRT,GIAN / 44,26056,4000,,,,,,,,,N,
CAXU9315065,40GP96,,ZIM,RAILCAR,,FCL,DCB,R-DTTX788415-AB1,ZIMUORF0832585,EXPRT,GIAN / 44,22014.2,4000,,,,,,,,,N,
TCNU5414544,40GP96,,ZIM,RAILCAR,,FCL,DCB,R-SMW210605-AT1,ZIMUORF0832585,EXPRT,GIAN / 44,30148.92,3840,,,,,,,,,N,
TCNU8930293,40GP96,,ZIM,RAILCAR,,FCL,DCB,R-DTTX788415-CB1,ZIMUORF0832585,EXPRT,GIAN / 44,22044.14,4000,,,,,,,,,N,
TGBU5968079,40GP96,,ZIM,RAILCAR,,FCL,DCB,R-DTTX765150-AB1,ZIMUORF0832585,EXPRT,GIAN / 44,21844.1,4000,,,,,,,,,N,
TGHU6413462,40GP96,,ZIM,RAILCAR,,FCL,DCB,R-DTTX455882-AB1,ZIMUORF0832585,EXPRT,GIAN / 44,30198.82,4000,,,,,,,,,N,
TRLU5319560,40GP96,,ZIM,RAILCAR,,FCL,DCB,R-DTTX765150-CB1,ZIMUORF0832585,EXPRT,GIAN / 44,22024.18,4000,,,,,,,,,N,
ZCSU2731494,40GP86,,ZIM,RAILCAR,,FCL,DCB,R-DTTX449691-AT1,ZIMUORF0832580,EXPRT,GIAN / 44,30028.72,3720,,,,,,,,,N,
XINU1307292,20GP86,,ZIM,RAILCAR,,FCL,PKG,R-DTTX885023-BB2,SSPHTRT0095738,EXPRT,GIAN / 44,20099,2199,,,,,,,,,N,
ZCSU2607586,40GP86,,ZIM,RAILCAR,,FCL,PUS,R-DTTX721124-AT1,ZIMUTRT0096122,EXPRT,GIAN / 44,5748,3800,,,,,,,,,N,
ZIMU3024330,20GP86,,ZIM,RAILCAR,,FCL,PUS,R-DTTX759396-EB2,ZIMUMTL0074222,EXPRT,GIAN / 44,22321,2350,,,,,,,,,N,
JXLU2789500,40GP86,,ZIM,RAILCAR,,FCL,PUS,R-DTTX744287-DB1,ZIMUTRT0095869,EXPRT,GIAN / 44,29378,3800,,,,,,,,,N,
ZCSU2649088,40GP86,,ZIM,RAILCAR,,FCL,PUS,R-DTTX744287-EB1,ZIMUTRT0095869,EXPRT,GIAN / 44,29378,3800,,,,,,,,,N,
GLDU5105880,20GP86,,ZIM,RAILCAR,,FCL,PUS,R-DTTX785284-AB1,ZIMUMTL0073957,EXPRT,GIAN / 44,25772,2160,,,,,,,,,N,
TGHU6282790,40GP96,,ZIM,RAILCAR,,FCL,NGB,R-CP523117-BB1,ZIMUTRT0096080,EXPRT,GIAN / 44,20976,3855,,,,,,,,,N,
ZCSU8247574,40GP96,,ZIM,RAILCAR,,FCL,SHA,R-DTTX62748-BB1,ZIMUVAN934444,EXPRT,GIAN / 44,5461,4000,,,,,,,,,N,
BSIU9705160,40GP96,,ZIM,RAILCAR,,FCL,DCB,R-DTTX459084-AT1,ZIMUORF0832580,EXPRT,GIAN / 44,30078.62,4000,,,,,,,,,N,
ZCSU7112620,40GP96,,ZIM,RAILCAR,,FCL,NGB,R-CP527630-AT1,ZIMUORF0831106,EXPRT,GIAN / 44,25955,4000,,,,,,,,,N,
TCNU8540567,40GP96,,ZIM,RAILCAR,,FCL,NGB,R-FEC72015-AB1,ZIMUORF0833461,EXPRT,GIAN / 44,26125,4000,,,,,,,,,N,
TCNU2983589,40GP96,,ZIM,RAILCAR,,FCL,SHA,R-DTTX760112-CB1,ZIMUVAN934386,EXPRT,GIAN / 44,4793.11,3699.95,,,,,,,,,N,
GCXU5083839,40GP96,,ZIM,RAILCAR,,FCL,SHA,R-DTTX760112-BB1,ZIMUVAN934442,EXPRT,GIAN / 44,4814.88,4000,,,,,,,,,N,
DFSU6487754,40GP96,,ZIM,RAILCAR,,FCL,SHA,R-DTTX721124-BB1,ZIMUTRT0095862,EXPRT,GIAN / 44,8200,3801,,,,,,,,,N,
FCIU4121926,20GP86,,ZIM,RAILCAR,,FCL,PUS,R-DTTX466580-AB1,ZIMUTRT0095241,EXPRT,GIAN / 44,23516,2350,,,,,,,,,N,
XINU1379348,20GP86,,ZIM,RAILCAR,,FCL,PUS,R-DTTX787206-AB2,ZIMUTRT0095241,EXPRT,GIAN / 44,23521,2350,,,,,,,,,N,
TEMU4668631,20GP86,,ZIM,RAILCAR,,FCL,PKG,R-DTTX659614-AB2,SSPHTRT0095738,EXPRT,GIAN / 44,20335,2350,,,,,,,,,N,
TCNU5545760,40GP96,,ZIM,TRAIN,,FCL,PUS,R-GEN_TRAIN,ZIMUMTL902745,EXPRT,GIAN / 44,25405,4000,,,,,,,,,N,
CAIU6357194,20GP86,,ZIM,RAILCAR,,FCL,PUS,R-DTTX765913-BB2,ZIMUMTL0073957,EXPRT,GIAN / 44,25798,2150,,,,,,,,,N,
ZCSU8658847,40GP96,,ZIM,RAILCAR,,FCL,NGB,R-DTTX449875-AB2,ZIMUORF0833461,EXPRT,GIAN / 44,26125,4000,,,,,,,,,N,
ZCSU8917697,40GP96,,ZIM,RAILCAR,,FCL,NGB,R-DTTX787609-BB2,ZIMUORF0833461,EXPRT,GIAN / 44,26125,4000,,,,,,,,,N,
TCNU5646299,40GP96,,ZIM,RAILCAR,,FCL,DCB,R-DTTX740460-AB1,ZIMUTRT0096003,EXPRT,GIAN / 44,20828.96,4000,,,,,,,,,N,
TCNU8931643,40GP96,,ZIM,RAILCAR,,FCL,PUS,R-DTTX760542-AB1,ZIMUMTL902745,EXPRT,GIAN / 44,24810,3900,,,,,,,,,N,
TEMU3418725,20GP86,,ZIM,TRAIN,,FCL,PKG,R-GEN_TRAIN,SSPHTRT0095604,EXPRT,GIAN / 44,22591,2200,,,,,,,,,N,
TEMU4233388,20GP86,,ZIM,RAILCAR,,FCL,PUS,R-CN677060-AB2,ZIMUTRT0095946,EXPRT,GIAN / 44,23181,2181,,,,,,,,,N,
ZCSU8880900,40GP96,,ZIM,RAILCAR,,FCL,SHA,R-DTTX62748-DB1,ZIMUVAN934443,EXPRT,GIAN / 44,5593,4000,,,,,,,,,N,
TCNU2966350,40GP96,,ZIM,YARD,,FCL,PUS,Y-DLT-E014G2,ZIMULAX0131483,EXPRT,GIAN / 44,23610.63,4000,,11-18-2018 3:39:51 PM,,,,,,,Y,
DFSU6326657,40GP96,,ZIM,RAILCAR,,FCL,NGB,R-DTTX742047-EB2,ZIMUORF0833461,EXPRT,GIAN / 44,26026,4000,,,,,,,,,N,
FSCU8164798,40GP96,,ZIM,RAILCAR,,FCL,NGB,R-DTTX742047-BB2,ZIMUORF0831106,EXPRT,GIAN / 44,26056,3830,,,,,,,,,N,
ZIMU3024330,20GP86,,ZIM,RAILCAR,,FCL,PUS,R-DTTX759396-EB2,ZIMUMTL0074222,EXPRT,GIAN / 44,22321,2350,,,,,,,,,N,
ZCSU2607586,40GP86,,ZIM,RAILCAR,,FCL,PUS,R-DTTX721124-AT1,ZIMUTRT0096122,EXPRT,GIAN / 44,5748,3800,,,,,,,,,N,
TCKU3834100,20GP86,,ZIM,RAILCAR,,FCL,PKG,R-DTTX781164-CB1,SSPHTRT0095920,EXPRT,GIAN / 44,22610,2350,,,,,,,,,N,
ZCSU2547661,40GP86,,ZIM,RAILCAR,,FCL,PUS,R-DTTX620108-AB1,ZIMUMTL0074355,EXPRT,GIAN / 44,30062,3800,,,,,HIDES,,,,N,
ZCSU7030711,40GP96,,ZIM,RAILCAR,,FCL,PUS,R-DTTX760542-BB1,ZIMUMTL902745,EXPRT,GIAN / 44,13676.72,3900.89,,,,,,,,,N,
ZIMU1306340,20GP86,,ZIM,TRAIN,,FCL,PUS,R-GEN_TRAIN,ZIMUMTL0074380,EXPRT,GIAN / 44,22308,2350,,,,,,,,,N,
ZIMU2881301,20GP86,,ZIM,RAILCAR,,FCL,PUS,R-DTTX453090-AB1,ZIMUTRT0095946,EXPRT,GIAN / 44,23497,2267,,,,,,,,,N,
GLDU5105880,20GP86,,ZIM,TRAIN,,FCL,PUS,R-GEN_TRAIN,ZIMUMTL0073957,EXPRT,GIAN / 44,25772,2160,,,,,,,,,N,
TCNU8115531,40GP96,,ZIM,RAILCAR,,FCL,NGB,R-DTTX742047-AB2,ZIMUORF0833461,EXPRT,GIAN / 44,26036,4000,,,,,,,,,N,
TCNU8115568,40GP96,,ZIM,RAILCAR,,FCL,NGB,R-DTTX59721-AB1,ZIMUORF0831106,EXPRT,GIAN / 44,26036,4000,,,,,,,,,N,
ZCSU2562516,40GP86,,ZIM,RAILCAR,,FCL,PUS,R-DTTX743423-CB1,ZIMUTRT0095869,EXPRT,GIAN / 44,29428,3770,,,,,,,,,N,
ZCSU2730034,40GP86,,ZIM,RAILCAR,,FCL,PUS,R-DTTX743423-BB1,ZIMUTRT0095869,EXPRT,GIAN / 44,29378,3720,,,,,,,,,N,
ZCSU2790429,40GP86,,ZIM,RAILCAR,,FCL,PUS,R-DTTX743423-DB1,ZIMUTRT0095869,EXPRT,GIAN / 44,29378,3720,,,,,,,,,N,
ZCSU8943504,40GP96,,ZIM,RAILCAR,,FCL,SHA,R-DTTX400706-CB1,ZIMUVAN934470,EXPRT,GIAN / 44,5249.88,3899.99,,,,,,,,,N,
GAOU6088664,40GP96,,ZIM,RAILCAR,,FCL,SHA,R-DTTX789599-CB1,ZIMUVAN934467,EXPRT,GIAN / 44,5049.84,4000,,,,,,,,,N,
ZCSU8860837,40GP96,,ZIM,RAILCAR,,FCL,SHA,R-DTTX53293-AB1,ZIMUORF0834874,EXPRT,GIAN / 44,12180,3900,,,,,,,,,N,
GLDU5276081,20GP86,,ZIM,RAILCAR,,FCL,PUS,R-CP523228-AB2,ZIMUMTL0074222,EXPRT,GIAN / 44,22326,2220,,,,,,,,,N,
ZCSU8253453,40GP96,,ZIM,RAILCAR,,FCL,DCB,R-DTTX459084-AB1,ZIMUORF0832580,EXPRT,GIAN / 44,30198.82,4000,,,,,,,,,N,
ZCSU8444655,40GP96,,ZIM,RAILCAR,,FCL,DCB,R-DTTX455882-AT1,ZIMUORF0832580,EXPRT,GIAN / 44,30208.8,4000,,,,,,,,,N,
ZCSU8599702,40GP96,,ZIM,RAILCAR,,FCL,DCB,R-DTTX765150-BB1,ZIMUORF0832585,EXPRT,GIAN / 44,22094.03,4000,,,,,,,,,N,
ZCSU8733909,40GP96,,ZIM,RAILCAR,,FCL,DCB,R-DTTX449691-AB1,ZIMUORF0832585,EXPRT,GIAN / 44,30208.8,4000,,,,,,,,,N,
ZIMU1389642,20GP86,,ZIM,TRAIN,,FCL,TAO,R-GEN_TRAIN,ZIMUMTL0073334A,EXPRT,GIAN / 44,23700,2350,,,,,,,,,N,
CRSU1061901,20GP86,,ZIM,TRAIN,,FCL,TAO,R-GEN_TRAIN,ZIMUMTL0073334A,EXPRT,GIAN / 44,23500,2350,,,,,,,,,N,
ZIMU3011667,20GP86,,ZIM,TRAIN,,FCL,TAO,R-GEN_TRAIN,ZIMUMTL0073334A,EXPRT,GIAN / 44,23340,2350,,,,,,,,,N,
ZCSU7099770,40GP96,,ZIM,TRAIN,,FCL,SHA,R-GEN_TRAIN,ZIMUVAN0075074,EXPRT,GIAN / 44,29331.1,4000,,,,,,,,,N,
ZCSU7071623,40GP96,,ZIM,YARD,,FCL,SHA,Y-DLT-D052G4,ZIMUVAN0075074,EXPRT,GIAN / 44,29330.19,4000,,11-17-2018 6:01:48 PM,,,,,,,Y,
SEGU5689165,40GP96,,ZIM,YARD,,FCL,SHA,Y-DLT-D056C2,ZIMUVAN0075074,EXPRT,GIAN / 44,29258.07,4000,,11-17-2018 5:17:54 PM,,,,,,,Y,
TCNU2609917,40GP96,,ZIM,YARD,,FCL,SHA,Y-DLT-D056D1,ZIMUVAN0075074,EXPRT,GIAN / 44,29131.06,4000,,11-17-2018 5:07:22 PM,,,,,,,Y,
TCNU4400269,40GP96,,ZIM,YARD,,FCL,SHA,Y-DLT-D052D2,ZIMUVAN0075074,EXPRT,GIAN / 44,29330.64,4000,,11-17-2018 5:35:30 PM,,,,,,,Y,
ZCSU8427180,40GP96,,ZIM,RAILCAR,,FCL,NGB,R-DTTX742047-CB2,ZIMUORF0833461,EXPRT,GIAN / 44,26116,4000,,,,,,,,,N,
ZCSU8499175,40GP96,,ZIM,RAILCAR,,FCL,NGB,R-DTTX658355-AT1,ZIMUORF0833461,EXPRT,GIAN / 44,26125,4000,,,,,,,,,N,
ZCSU8802450,40GP96,,ZIM,RAILCAR,,FCL,NGB,R-DTTX59721-AT1,ZIMUORF0831106,EXPRT,GIAN / 44,26125,4000,,,,,,,,,N,
ZCSU8843110,40GP96,,ZIM,RAILCAR,,FCL,NGB,R-DTTX658355-AB1,ZIMUORF0833461,EXPRT,GIAN / 44,26125,4000,,,,,,,,,N,
TGBU5494236,40GP96,,ZIM,YARD,,FCL,SHA,Y-DLT-D052D3,ZIMUVAN0075074,EXPRT,GIAN / 44,29049.87,4000,,11-17-2018 5:43:31 PM,,,,,,,Y,
ZCSU8924295,40GP96,,ZIM,YARD,,FCL,SHA,Y-DLT-D056C3,ZIMUVAN0075074,EXPRT,GIAN / 44,29331.1,4000,,11-17-2018 5:17:31 PM,,,,,,,Y,
ZCSU8956374,40GP96,,ZIM,TRAIN,,FCL,SHA,R-GEN_TRAIN,ZIMUVAN0075074,EXPRT,GIAN / 44,29330.64,4000,,,,,,,,,N,
TGCU0147644,40GP96,,ZIM,YARD,,FCL,SHA,Y-DLT-D048D1,ZIMUVAN0075074,EXPRT,GIAN / 44,29009.05,3770,,11-17-2018 6:08:21 PM,,,,,,,Y,
ZCSU6505828,40GP96,,ZIM,YARD,,FCL,SHA,Y-DLT-D052G3,ZIMUVAN0075074,EXPRT,GIAN / 44,29131.52,4000,,11-17-2018 4:43:24 PM,,,,,,,Y,
TGBU5369867,40GP96,,ZIM,RAILCAR,,FCL,TAO,R-DTTX659848-AB1,ZIMUVAN0074950,EXPRT,GIAN / 44,23785,3855.54,,,,,,,,,N,
DFSU6536463,40GP96,,ZIM,RAILCAR,,FCL,PUS,R-DTTX788464-CT1,ZIMUVAN934405,EXPRT,GIAN / 44,6291.33,4000,,,,,,,,,N,
DFSU6762218,40GP96,,ZIM,RAILCAR,,FCL,PUS,R-DTTX765206-AB1,ZIMUVAN934405,EXPRT,GIAN / 44,5486.2,4000,,,,,,,,,N,
ZCSU8799634,40GP96,,ZIM,RAILCAR,,FCL,SHA,R-DTTX788464-BB1,ZIMUVAN934477,EXPRT,GIAN / 44,6388,4000,,,,,,,,,N,
ZCSU8664177,40GP96,,ZIM,RAILCAR,,FCL,SHA,R-DTTX469734-AT1,ZIMUVAN934478,EXPRT,GIAN / 44,5279.82,4000,,,,,,,,,N,
ZCSU8460403,40GP96,,ZIM,RAILCAR,,FCL,SHA,R-DTTX788464-BT1,ZIMUVAN934469,EXPRT,GIAN / 44,5299.77,3950,,,,,,,,,N,
ZCSU8466356,40GP96,,ZIM,RAILCAR,,FCL,SHA,R-DTTX765206-CB1,ZIMUVAN934459,EXPRT,GIAN / 44,6093,3950,,,,,,,,,N,
TCNU4250430,40GP96,,ZIM,RAILCAR,,FCL,PKG,R-DTTX749456-AB1,SSPHMTL902722,EXPRT,GIAN / 44,29021.25,4000,,,,,,,,,N,
SEGU5755924,40GP96,,ZIM,RAILCAR,,FCL,SHA,R-DTTX469734-AB1,ZIMUVAN934461,EXPRT,GIAN / 44,5108,3830.13,,,,,,,,,N,
TLLU4874079,40GP96,,ZIM,RAILCAR,,FCL,NGB,R-DTTX760506-ET1,ZIMULAX0131615,EXPRT,GIAN / 44,24130,4000,,,,,,,,,N,
SUTU2402329,20TD86,,ZIM,RAILCAR,,FCL,SHA,R-DTTX760506-CB2,ZIMUORF0828775,EXPRT,GIAN / 44,24479,4300.06,,,,,,,,,N,
CAIU3507285,20GP86,,ZIM,TRAIN,,FCL,TAO,R-GEN_TRAIN,ZIMUMTL0073334A,EXPRT,GIAN / 44,23370,2200,,,,,,,,,N,
TEMU4229460,20GP86,,ZIM,TRAIN,,FCL,TAO,R-GEN_TRAIN,ZIMUMTL0073334A,EXPRT,GIAN / 44,23460,2350,,,,,,,,,N,
CAIU6602630,20GP86,,ZIM,RAILCAR,,FCL,NGB,R-DTTX790237-AB2,SSPHMTL0074414,EXPRT,GIAN / 44,8435,2150,,,,,,,,,N,
CRSU9079487,40GP96,,ZIM,RAILCAR,,FCL,NGB,R-DTTX449875-AT1,ZIMUORF0831106,EXPRT,GIAN / 44,26125,3900,,,,,,,,,N,
ZCSU2552821,40GP86,,ZIM,RAILCAR,,FCL,NGB,R-DTTX789535-BT1,ZIMUORF0834182,EXPRT,GIAN / 44,28245.27,3770,,,,,,,,,N,
TCNU2983655,40GP96,,ZIM,RAILCAR,,FCL,TAO,R-DTTX620957-AT1,ZIMUTRT0095586,EXPRT,GIAN / 44,8190,3701,,,,,,,,,N,
ZCSU6548558,40GP96,,ZIM,RAILCAR,,FCL,SHA,R-DTTX765206-BB1,ZIMUVAN934462,EXPRT,GIAN / 44,5005,4000,,,,,,,,,N,
ZCSU7055896,40GP96,,ZIM,RAILCAR,,FCL,SHA,R-DTTX765206-AT1,ZIMUVAN934463,EXPRT,GIAN / 44,5372.8,4000,,,,,,,,,N,
ZCSU7049825,40GP96,,ZIM,RAILCAR,,FCL,SHA,R-DTTX788464-AB1,ZIMUVAN934480,EXPRT,GIAN / 44,5810.06,3900,,,,,,,,,N,
ZCSU8446597,40GP96,,ZIM,RAILCAR,,FCL,NGB,R-DTTX888239-CB1,ZIMUORF0833461,EXPRT,GIAN / 44,26125,3900,,,,,,,,,N,
TCKU1277578,20GP86,,ZIM,RAILCAR,,FCL,PKG,R-SFLC7411-BB2,SSPHTRT0095604,EXPRT,GIAN / 44,22510,2267,,,,,,,,,N,
ZCSU8822740,40GP96,,ZIM,TRAIN,,FCL,SHA,R-GEN_TRAIN,ZIMUVAN0075074,EXPRT,GIAN / 44,28335.01,3900,,,,,,,,,N,
TEMU3418725,20GP86,,ZIM,RAILCAR,,FCL,PKG,R-CN677060-AB1,SSPHTRT0095604,EXPRT,GIAN / 44,22610,2200,,,,,,,,,N,
JXLU8627553,40GP96,,ZIM,RAILCAR,,FCL,SHA,R-DTTX759545-EB1,ZIMUVAN0075074,EXPRT,GIAN / 44,29284.83,3855.54,,,,,,,,,N,
TCNU2728897,40GP96,,ZIM,RAILCAR,,FCL,SHA,R-DTTX449825-AB1,ZIMUVAN0075074,EXPRT,GIAN / 44,28135.43,3701.31,,,,,,,,,N,
TCNU8549610,40GP96,,ZIM,RAILCAR,,FCL,NGB,R-DTTX760326-EB1,ZIMUVAN0074346,EXPRT,GIAN / 44,29240.38,3810.18,,,,,,,,,N,
TCNU8546708,40GP96,,ZIM,TRAIN,,FCL,NGB,R-GEN_TRAIN,ZIMUVAN0074346,EXPRT,GIAN / 44,28000.71,4000,,,,,,,,,N,
TEMU6751051,40GP96,,ZIM,RAILCAR,,FCL,NGB,R-DTTX760326-CB1,ZIMUVAN0074346,EXPRT,GIAN / 44,29324.75,4000,,,,,,,,,N,
DFSU6326256,40GP96,,ZIM,RAILCAR,,FCL,NGB,R-DTTX749456-BB1,ZIMUVAN0074346,EXPRT,GIAN / 44,27992.09,4000,,,,,,,,,N,
FSCU8254021,40GP96,,ZIM,RAILCAR,,FCL,NGB,R-DTTX449825-AT1,ZIMUVAN0074346,EXPRT,GIAN / 44,28018.85,4000,,,,,,,,,N,
GCXU5001656,40GP96,,ZIM,RAILCAR,,FCL,SHA,R-DTTX740754-CB1,ZIMUVAN0075074,EXPRT,GIAN / 44,29130.61,3701.31,,,,,,,,,N,
TCNU5545760,40GP96,,ZIM,RAILCAR,,FCL,PUS,R-CN677060-EB1,ZIMUMTL902745,EXPRT,GIAN / 44,25405,4000,,,,,,,,,N,
ZCSU2583490,40GP96,,ZIM,RAILCAR,,FCL,PUS,R-SMW210841-AB1,ZIMUTRT0095657,EXPRT,GIAN / 44,27008,3720,,,,,,,,,N,
ZCSU2762670,40GP86,,ZIM,RAILCAR,,FCL,PUS,R-SFLC7411-AB1,ZIMUTRT0095735,EXPRT,GIAN / 44,27206.47,3720,,,,,,,,,N,
ZCSU7021160,40GP96,,ZIM,RAILCAR,,FCL,PUS,R-DTTX740460-DB1,ZIMUTRT900956,EXPRT,GIAN / 44,26230,4000,,,,,,,,,N,
ZIMU1306340,20GP86,,ZIM,RAILCAR,,FCL,PUS,R-CN677012-AB2,ZIMUMTL0074380,EXPRT,GIAN / 44,22308,2350,,,,,,,,,N,
ZIMU2881301,20GP86,,ZIM,TRAIN,,FCL,PUS,R-GEN_TRAIN,ZIMUTRT0095946,EXPRT,GIAN / 44,23497,2267,,,,,,,,,N,
ZCSU2642170,40GP86,,ZIM,RAILCAR,,FCL,NGB,R-SMW210628-AT1,ZIMUORF0834182,EXPRT,GIAN / 44,28195.27,3720,,,,,,,,,N,
ZCSU8857303,40GP96,,ZIM,RAILCAR,,FCL,NGB,R-DTTX888239-BB1,ZIMUORF0833461,EXPRT,GIAN / 44,26125,4000,,,,,,,,,N,
ZCSU8909829,40GP96,,ZIM,RAILCAR,,FCL,NGB,R-DTTX888239-AB1,ZIMUORF0833461,EXPRT,GIAN / 44,26125,4000,,,,,,,,,N,
SLSU8050565,40GP96,,ZIM,RAILCAR,,FCL,PUS,R-DTTX655124-AB1,ZIMUMTL902745,EXPRT,GIAN / 44,24855,3780,,,,,,,,,N,
TCKU3953310,20GP86,,ZIM,RAILCAR,,FCL,PUS,R-DTTX459094-AB1,ZIMUMTL0074222,EXPRT,GIAN / 44,22437,2267,,,,,,,,,N,
TGHU5222857,40GP86,,ZIM,RAILCAR,,FCL,SHA,R-DTTX727653-CB1,ZIMUTRT0096021,EXPRT,GIAN / 44,16759.33,3700,,,,,,,,,N,
FCIU4110705,20GP86,,ZIM,RAILCAR,,FCL,PUS,R-DTTX744045-AB1,ZIMUMTL0074222,EXPRT,GIAN / 44,22231,2180,,,,,,,,,N,
ZCSU2591284,40GP86,,ZIM,RAILCAR,,FCL,SHA,R-DTTX727653-AB1,ZIMUTRT0095705,EXPRT,GIAN / 44,30027.81,3800,,,,,,,,,N,
ZCSU2652435,40GP86,,ZIM,RAILCAR,,FCL,SHA,R-NOKL230369-BT1,ZIMUTRT0096041,EXPRT,GIAN / 44,28107,3719,,,,,,,,,N,
ZCSU2800445,40GP86,,ZIM,RAILCAR,,FCL,PUS,R-DTTX744045-CT1,ZIMUTRT0096122,EXPRT,GIAN / 44,6199.7,3800,,,,,,,,,N,
ZCSU8427365,40GP96,,ZIM,RAILCAR,,FCL,PUS,R-DTTX659848-AT1,ZIMUTRT0095946,EXPRT,GIAN / 44,23455.26,3890,,,,,,,,,N,
HLXU6192392,40GP96,,ZIM,RAILCAR,,FCL,TAO,R-DTTX789204-CT1,ZIMUTRT0096102,EXPRT,GIAN / 44,8919,4018,,,,,,,,,N,
AMFU8544323,40GP96,,ZIM,RAILCAR,,FCL,TAO,R-DTTX740662-DT1,ZIMUTRT0096102,EXPRT,GIAN / 44,8242,4168,,,,,,,,,N,
BEAU5037756,40GP96,,ZIM,RAILCAR,,FCL,PUS,R-DTTX727096-AT1,ZIMUMTL902745,EXPRT,GIAN / 44,25401,3700,,,,,,,,,N,
CAIU3043008,20GP86,,ZIM,RAILCAR,,FCL,PKG,R-CP527846-AB1,SSPHTRT0095738,EXPRT,GIAN / 44,20224,2267,,,,,,,,,N,
CRSU9060326,40GP96,,ZIM,RAILCAR,,FCL,PUS,R-DTTX744045-DT1,ZIMUMTL902745,EXPRT,GIAN / 44,24900,3900,,,,,,,,,N,
TCNU4860876,40GP96,,ZIM,RAILCAR,,FCL,SHA,R-DTTX740650-AB1,ZIMUTRT0095863,EXPRT,GIAN / 44,8440,4000,,,,,,,,,N,
ZCSU8822740,40GP96,,ZIM,RAILCAR,,FCL,SHA,R-DTTX759545-CB1,ZIMUVAN0075074,EXPRT,GIAN / 44,28335.01,3900,,,,,,,,,N,
TCNU8936028,40GP96,,ZIM,YARD,,FCL,SHA,Y-DLT-D048D2,ZIMUVAN0075074,EXPRT,GIAN / 44,29240.38,4000,,11-17-2018 6:49:06 PM,,,,,,,Y,
ZCSU7071623,40GP96,,ZIM,TRAIN,,FCL,SHA,R-GEN_TRAIN,ZIMUVAN0075074,EXPRT,GIAN / 44,29330.19,4000,,,,,,,,,N,
ZCSU7099770,40GP96,,ZIM,YARD,,FCL,SHA,Y-DLT-D052D1,ZIMUVAN0075074,EXPRT,GIAN / 44,29331.1,4000,,11-17-2018 4:47:57 PM,,,,,,,Y,
ZCSU8613267,40GP96,,ZIM,YARD,,FCL,SHA,Y-DLT-D052G2,ZIMUVAN0075074,EXPRT,GIAN / 44,29289.82,3900,,11-17-2018 3:58:08 PM,,,,,,,Y,
ZCSU8956374,40GP96,,ZIM,YARD,,FCL,SHA,Y-DLT-D056C1,ZIMUVAN0075074,EXPRT,GIAN / 44,29330.64,4000,,11-17-2018 4:41:35 PM,,,,,,,Y,
TCNU2525138,40GP96,,ZIM,RAILCAR,,FCL,DCB,R-DTTX747162-AB1,ZIMUORF911546,EXPRT,GIAN / 44,29200.92,3701.31,,,,,,,,,N,
TCNU8549610,40GP96,,ZIM,TRAIN,,FCL,NGB,R-GEN_TRAIN,ZIMUVAN0074346,EXPRT,GIAN / 44,29240.38,3810.18,,,,,,,,,N,
TCNU8546708,40GP96,,ZIM,RAILCAR,,FCL,NGB,R-DTTX655116-AB1,ZIMUVAN0074346,EXPRT,GIAN / 44,28000.71,4000,,,,,,,,,N,
TEMU6751051,40GP96,,ZIM,TRAIN,,FCL,NGB,R-GEN_TRAIN,ZIMUVAN0074346,EXPRT,GIAN / 44,29324.75,4000,,,,,,,,,N,
ZCSU8979451,40GP96,,ZIM,RAILCAR,,FCL,SHA,R-SMW210628-AB1,ZIMUORF0831443,EXPRT,GIAN / 44,13680,3900,,,,,,,,,N,
DHDU1372450,20TD86,,ZIM,RAILCAR,,FCL,NGB,R-DTTX760506-BB1,ZIMUORF0832190,EXPRT,GIAN / 44,24030.87,4300.06,,,,,,,,,N,
DHIU0970413,20TD86,,ZIM,RAILCAR,,FCL,NGB,R-DTTX760506-CB1,ZIMUORF0832187,EXPRT,GIAN / 44,24030.87,4300.06,,,,,,,,,N,
EXFU0705027,20TD86,,ZIM,RAILCAR,,FCL,NGB,R-DTTX760506-BB2,ZIMUORF0832189,EXPRT,GIAN / 44,24030.87,2350,,,,,,,,,N,
TCLU2586162,20TD86,,ZIM,RAILCAR,,FCL,NGB,R-DTTX760506-DB2,ZIMUORF0832188,EXPRT,GIAN / 44,24030.87,4300.06,,,,,,,,,N,
ZCSU2591284,40GP86,,ZIM,RAILCAR,,FCL,SHA,R-DTTX727653-AB1,ZIMUTRT0095705,EXPRT,GIAN / 44,29863,3800,,,,,,,,,N,
ZCSU2800445,40GP86,,ZIM,RAILCAR,,FCL,PUS,R-DTTX744045-CT1,ZIMUTRT0096122,EXPRT,GIAN / 44,6199.7,3800,,,,,,,,,N,
ZCSU8427365,40GP96,,ZIM,RAILCAR,,FCL,PUS,R-DTTX659848-AT1,ZIMUTRT0095946,EXPRT,GIAN / 44,23455.26,3890,,,,,,,,,N,
BMOU4521354,40GP96,,ZIM,RAILCAR,,FCL,NGB,R-DTTX787717-CT1,ZIMUTRT0095791,EXPRT,GIAN / 44,23206,4000,,,,,,,,,N,
SLSU8050565,40GP96,,ZIM,RAILCAR,,FCL,PUS,R-DTTX655124-AB1,ZIMUMTL902745,EXPRT,GIAN / 44,24855,3780,,,,,,,,,N,
TLLU4938738,40GP96,,ZIM,RAILCAR,,FCL,PKG,R-DTTX760506-AB1,SSPHORF0832403,EXPRT,GIAN / 44,14086.76,4000,,,,,,,,,N,
ZCSU8957982,40GP96,,ZIM,RAILCAR,,FCL,NGB,R-DTTX760506-EB1,ZIMULAX0131615,EXPRT,GIAN / 44,23404.91,4000,,,,,,,,,N,
ZCSU8450339,40GP96,,ZIM,YARD,,FCL,SHA,Y-DLT-D052G1,ZIMUVAN0075074,EXPRT,GIAN / 44,29380.54,3950.79,,11-17-2018 1:21:52 PM,,,,,,,Y,
ZCSU8896022,40GP96,,ZIM,RAILCAR,,FCL,NGB,R-DTTX760033-DB1,ZIMUVAN0074965,EXPRT,GIAN / 44,28022,3855,,,,,,,,,N,
ZIMU1278130,20GP86,,ZIM,RAILCAR,,FCL,PKG,R-DTTX790237-AB1,SSPHMTL0072892,EXPRT,GIAN / 44,22650,2350,,,,,,,,,N,
ZCSU7016272,40GP96,,ZIM,RAILCAR,,FCL,SHA,R-DTTX760033-CB1,ZIMUMTL902821,EXPRT,GIAN / 44,29669,3900,,,,,,,,,N,
ZCSU2780077,40GP86,,ZIM,RAILCAR,,FCL,PUS,R-DTTX787717-BT1,ZIMUVAN0074305,EXPRT,GIAN / 44,23719,3800,,,,,,,,,N,
DFSU6496294,40GP96,,ZIM,RAILCAR,,FCL,PKG,R-CP524399-AT1,SSPHMTL0074354,EXPRT,GIAN / 44,28800.85,4000,,,,,,,,,N,
TCNU1060674,40GP96,,ZIM,RAILCAR,,FCL,PKG,R-CP524399-CT1,SSPHMTL0074354,EXPRT,GIAN / 44,28701,4000,,,,,,,,,N,
TRHU1144655,20GP86,,ZIM,RAILCAR,,FCL,PKG,R-DTTX746444-AB2,SSPHMTL0072893,EXPRT,GIAN / 44,22530,2267,,,,,,,,,N,
TCNU1060674,40GP96,,ZIM,TRAIN,,FCL,PKG,R-GEN_TRAIN,SSPHMTL0074354,EXPRT,GIAN / 44,28701,4000,,,,,,,,,N,
ZCSU2780077,40GP86,,ZIM,TRAIN,,FCL,PUS,R-GEN_TRAIN,ZIMUVAN0074305,EXPRT,GIAN / 44,23719,3800,,,,,,,,,N,
SEGU2158170,20GP86,,ZIM,RAILCAR,,FCL,PKG,R-DTTX746444-AB1,SSPHMTL0072893,EXPRT,GIAN / 44,22550,2350,,,,,,,,,N,
ZIMU1376413,20GP86,,ZIM,YARD,,FCL,TAO,Y-DLT-O071E1,ZIMUVAN0075086,EXPRT,GIAN / 44,4660,2350,,11-16-2018 4:41:14 PM,,,,,,,Y,