Container,SzTpHt,A,Line,Location,Destination,Freight Kind,POD,Position,Booking,Category,Vessel / Voyage,Gross WT,Tare WT,,In Time,A,Holds,Commodity,Haz Details,Temp Req,Units,On Dock,OOG,,,,,,,,,,,,,,,,,,,,,,,,
TCNU5407885,40GP96,,ZIM,VESSEL,,FCL,KHH,V-ANAM09-660316,ZIMUORF0962701,EXPRT,ANAM / 09,29190.33,3840,,3-4-2020 9:00:58 AM,,,CUT GREENS,,,,N,,,,,SHA,CNSNH,,,,,,,,,,,,,,,,,,,
JXLU5106145,40RE96,,ZIM,VESSEL,,FCL,YTN,V-ANAM09-380384,ZIMUMTL0083660,EXPRT,ANAM / 09,30567.5,4680,,2-26-2020 10:47:03 AM,,,FAK OR CARGO NOS,,-18,C,N,,,,,PUS,KRPUS,,,,,,,,,,,,,,,,,,,
ZCSU7178144,40GP96,,ZIM,VESSEL,,FCL,PUS,V-ANAM09-301210,ZIMUVAN0081607,EXPRT,ANAM / 09,26718,3700,,3-4-2020 2:12:04 PM,,,LUMBER,,,,N,,,,,NGB,CNNGB,,,ZCSU717814,,,,,,,,,,,,,,,,
ZCSU7186854,40GP96,,ZIM,VESSEL,,FCL,PUS,V-ANAM09-101088,ZIMUVAN0081585,EXPRT,ANAM / 09,25095,3700,,3-4-2020 1:10:22 PM,,,LUMBER,,,,N,,,,,PKG,MYPKL,,,,,,,,,,,,,,,,,,,
ZCSU8838582,40GP96,,ZIM,VESSEL,,FCL,YOK,V-ANAM09-460114,ZIMUVAN0081375A,EXPRT,ANAM / 09,25052,4000,,2-20-2020 3:48:02 PM,,,,,,,N,,,,,DCB,CNSAD,,,ZCSU883858,,,,,,,,,,,,,,,,
FSCU8155760,40GP96,,ZIM,VESSEL,,FCL,YTN,V-ANAM09-220810,ZIMUVAN0081645,EXPRT,ANAM / 09,27836,3830,,3-4-2020 8:45:55 AM,,,"WOODPULP, BALED-UNITIZED",,,,N,,,,,IST,TRKPX,,,FSCU815576,,,,,,,,,,,,,,,,
ZCSU7133540,40GP96,,ZIM,VESSEL,,FCL,PUS,V-ANAM09-101188,ZIMUVAN0081608,EXPRT,ANAM / 09,25279,3770,,3-4-2020 8:59:03 AM,,,LUMBER,,,,N,,,,,ASH,ILASH,,,,,,,,,,,,,,,,,,,
ZCSU7112316,40GP96,,ZIM,VESSEL,,FCL,KHH,V-ANAM09-660988,ZIMUORF0962701,EXPRT,ANAM / 09,29120,3730,,3-4-2020 9:50:10 AM,,,CUT GREENS,,,,N,,,,,ODS,UAOSS,,,ZCSU711231,,,,,,,,,,,,,,,,
ZCSU8652406,40GP96,,ZIM,VESSEL,,FCL,PUS,V-ANAM09-100986,ZIMUVAN0081496,EXPRT,ANAM / 09,26596,3900,,3-4-2020 9:50:37 AM,,,LUMBER,,,,N,,,,,TAO,CNQIN,,,,,,,,,,,,,,,,,,,
SZLU9065026,40RE96,,ZIM,VESSEL,,FCL,KHH,V-ANAM09-660284,ZIMUMTL0084087,EXPRT,ANAM / 09,31177,4780,,3-4-2020 10:47:49 AM,,,"PORK, FROZEN",,-18,C,N,,,,,HFA,ILHFA,,,,,,,,,,,,,,,,,,,
ZMOU8836780,40RE96,,ZIM,VESSEL,,FCL,PUS,V-ANAM09-500482,ZIMUHFX0024800,EXPRT,ANAM / 09,25681,4420,,3-4-2020 11:06:22 AM,,,FAK OR CARGO NOS,,-18,C,N,,,,,KHH,TWKSG,,,,,,,,,,,,,,,,,,,
SEGU5756978,40GP96,,ZIM,VESSEL,,FCL,YTN,V-ANAM09-220804,ZIMUVAN0081645,EXPRT,ANAM / 09,28053,3830,,3-4-2020 10:43:43 AM,,,"WOODPULP, BALED-UNITIZED",,,,N,,,,,YOK,JPYOK,,,SEGU575697,,,,,,,,,,,,,,,,
FSCU8178657,40GP96,,ZIM,VESSEL,,FCL,PUS,V-ANAM09-301006,ZIMUVAN0081199,EXPRT,ANAM / 09,28705,3830,,3-4-2020 5:47:40 PM,,,LUMBER,,,,N,,,,,XMN,CNXIA,,,FSCU817865,,,,,,,,,,,,,,,,
ZCSU5868460,40RE96,,ZIM,VESSEL,,FCL,KHH,V-ANAM09-660184,ZIMUMTL0083920,EXPRT,ANAM / 09,30895,4660,,3-4-2020 6:47:20 PM,,,"PORK, FROZEN",,-18,C,N,,,,,YTN,CNOJA,,,ZCSU586846,,,,,,,,,,,,,,,,
FSCU8255706,40GP96,,ZIM,VESSEL,,FCL,PUS,V-ANAM09-181390,ZIMUORF0965728,EXPRT,ANAM / 09,5786.36,3830,,3-3-2020 9:20:26 PM,,,,,,,N,,,,,,,,,FSCU825570,,,,,,,,,,,,,,,,
BSIU2795285,20GP86,,ZIM,VESSEL,,FCL,YOK,V-ANAM09-450204,ZIMUMTL0083533,EXPRT,ANAM / 09,23230,2350,,2-22-2020 6:19:16 PM,,,,,,,N,,,,,,,,,BSIU279528,,,,,,,,,,,,,,,,
ZCSU8869407,40GP96,,ZIM,VESSEL,,FCL,PUS,V-ANAM09-300510,ZIMUMTL0083331C,EXPRT,ANAM / 09,28941,4000,,2-20-2020 4:09:20 PM,,,,,,,N,,,,,,,,,,,,,,,,,,,,,,,,,
TEMU6752628,40GP96,,ZIM,VESSEL,,FCL,KHH,V-ANAM09-660416,ZIMUTRT0106554,EXPRT,ANAM / 09,28248.06,4000,,2-20-2020 3:20:04 PM,,,,,,,N,,,,,,,,,TEMU675262,,,,,,,,,,,,,,,,
ZCSU6542077,40GP96,,ZIM,VESSEL,,FCL,PUS,V-ANAM09-181388,ZIMUVAN937820,EXPRT,ANAM / 09,9715,4000,,2-20-2020 1:18:54 AM,,,,,,,N,,,,,,,,,,,,,,,,,,,,,,,,,
GAOU6094543,40GP96,,ZIM,VESSEL,,FCL,NGB,V-ANAM09-660014,ZIMUVAN937865,EXPRT,ANAM / 09,6626,4000,,2-27-2020 10:31:31 PM,,,,,,,N,,,,,,,,,,,,,,,,,,,,,,,,,
GCXU5004866,40GP96,,ZIM,VESSEL,,FCL,KHH,V-ANAM09-660888,ZIMUORF0962701,EXPRT,ANAM / 09,28904,3700,,3-4-2020 4:18:44 PM,,,CUT GREENS,,,,N,,,,,,,,,GCXU500486,,,,,,,,,,,,,,,,
ZCSU6522975,40GP96,,ZIM,VESSEL,,FCL,PUS,V-ANAM09-301112,ZIMUVAN0081188,EXPRT,ANAM / 09,27268,3700,,3-5-2020 9:37:28 AM,,,"WOODPULP, BALED-UNITIZED",,,,N,,,,,,,,,ZCSU652297,,,,,,,,,,,,,,,,
JXLU5839203,40RE96,,ZIM,VESSEL,,FCL,PUS,V-ANAM09-500404,ZIMUMTL0083657,EXPRT,ANAM / 09,28365,4680,,2-26-2020 1:59:55 PM,,,CUTTLEFISH FROZEN DRIED OR SALTED,,-18,C,N,,,,,,,,,JXLU583920,,,,,,,,,,,,,,,,
SEGU5758712,40GP96,,ZIM,VESSEL,,FCL,YTN,V-ANAM09-580084,ZIMUVAN0081645,EXPRT,ANAM / 09,28063,3830,,3-5-2020 9:51:46 AM,,,"WOODPULP, BALED-UNITIZED",,,,N,,,,,,,,,SEGU575871,,,,,,,,,,,,,,,,
ZCSU8676080,40GP96,,ZIM,VESSEL,,FCL,PUS,V-ANAM09-301104,ZIMUVAN0081199,EXPRT,ANAM / 09,28970,3900,,3-5-2020 9:48:23 AM,,,LUMBER,,,,N,,,,,,,,,,,,,,,,,,,,,,,,,
BMOU4563365,40GP96,,ZIM,VESSEL,,FCL,PUS,V-ANAM09-500290,ZIMUORF0963131,EXPRT,ANAM / 09,4979.93,4000,,2-26-2020 5:11:50 PM,,,,,,,N,,,,,,,,,,,,,,,,,,,,,,,,,
BSIU9711141,40GP96,,ZIM,VESSEL,,FCL,PUS,V-ANAM09-181690,ZIMUORF0963149,EXPRT,ANAM / 09,4912.61,3769.81,,2-26-2020 7:12:23 PM,,,,,,,N,,,,,,,,,,,,,,,,,,,,,,,,,
DFSU6302742,40GP96,,ZIM,VESSEL,,FCL,PUS,V-ANAM09-301312,ZIMUVAN0081188,EXPRT,ANAM / 09,27353,3800,,3-5-2020 10:19:15 AM,,,"WOODPULP, BALED-UNITIZED",,,,N,,,,,,,,,,,,,,,,,,,,,,,,,
FCIU8928351,40GP96,,ZIM,VESSEL,,FCL,PUS,V-ANAM09-301310,ZIMUVAN0081188,EXPRT,ANAM / 09,27971,3830,,3-5-2020 10:20:45 AM,,,"WOODPULP, BALED-UNITIZED",,,,N,,,,,,,,,FCIU892835,,,,,,,,,,,,,,,,
BSIU9572200,40GP96,,ZIM,VESSEL,,FCL,PUS,V-ANAM09-101586,ZIMUVAN0081500,EXPRT,ANAM / 09,24320,3770,,3-4-2020 10:33:08 AM,,,LUMBER,,,,N,,,,,,,,,,,,,,,,,,,,,,,,,
ZCSU8913285,40GP96,,ZIM,VESSEL,,FCL,PUS,V-ANAM09-181590,ZIMUORF0964239,EXPRT,ANAM / 09,5161.45,4000,,3-3-2020 10:34:39 PM,,,,,,,N,,,,,,,,,,,,,,,,,,,,,,,,,
GCXU5080980,40GP96,,ZIM,VESSEL,,FCL,PUS,V-ANAM09-500490,ZIMUVAN937831,EXPRT,ANAM / 09,5867,4000,,2-26-2020 4:54:25 PM,,,,,,,N,,,,,,,,,GCXU508098,,,,,,,,,,,,,,,,
TCNU2300194,40GP96,,ZIM,VESSEL,,FCL,YOK,V-ANAM09-300088,ZIMUORF917191,EXPRT,ANAM / 09,14815,3700,,2-27-2020 3:53:07 AM,,,,,,,N,,,,,,,,,TCNU230019,,,,,,,,,,,,,,,,
SZLU9063213,40RE96,,ZIM,VESSEL,,FCL,YTN,V-ANAM09-380184,ZIMUMTL0083661,EXPRT,ANAM / 09,30637.5,4750,,2-26-2020 10:19:03 AM,,,CUTTLEFISH FROZEN DRIED OR SALTED,,-18,C,N,,,,,,,,,,,,,,,,,,,,,,,,,
ZCSU2654546,40GP86,,ZIM,VESSEL,,FCL,PUS,V-ANAM09-101688,ZIMUORF917192,EXPRT,ANAM / 09,15077.21,3700,,2-27-2020 3:50:45 AM,,,,,,,N,,,,,,,,,,,,,,,,,,,,,,,,,
ZIMU3006700,20GP86,,ZIM,VESSEL,,FCL,SHA,V-ANAM09-090384,ZIMUVAN937786,EXPRT,ANAM / 09,16536,2179.96,,2-18-2020 7:27:32 AM,,,,,,,N,,,,,,,,,ZIMU300670,,,,,,,,,,,,,,,,
ZCSU7108569,40GP96,,ZIM,VESSEL,,FCL,YOK,V-ANAM09-460116,ZIMUVAN0081375A,EXPRT,ANAM / 09,28946,4000,,2-20-2020 3:36:47 PM,,,,,,,N,,,,,,,,,ZCSU710856,,,,,,,,,,,,,,,,
CAIU9011780,40GP96,,ZIM,VESSEL,,FCL,SHA,V-ANAM09-380888,ZIMUVAN0081437,EXPRT,ANAM / 09,17924,4000,,2-29-2020 2:55:15 PM,,,,,,,N,,,,,,,,,,,,,,,,,,,,,,,,,
TCNU4258642,40GP96,,ZIM,VESSEL,,FCL,PUS,V-ANAM09-101082,ZIMUVAN0081496,EXPRT,ANAM / 09,26166,3900,,3-4-2020 9:25:43 AM,,,LUMBER,,,,N,,,,,,,,,,,,,,,,,,,,,,,,,
TTNU5360820,40GP86,,ZIM,VESSEL,,FCL,KHH,V-ANAM09-660016,ZIMUTRT0106723,EXPRT,ANAM / 09,10390,3800,,2-29-2020 3:06:42 PM,,,,,,,N,,,,,,,,,TTNU536082,,,,,,,,,,,,,,,,
FSCU8220504,40GP96,,ZIM,VESSEL,,FCL,PUS,V-ANAM09-181088,ZIMUVAN937831,EXPRT,ANAM / 09,5726,4000,,3-3-2020 7:28:46 PM,,,,,,,N,,,,,,,,,FSCU822050,,,,,,,,,,,,,,,,
TCLU2414986,20GP86,,ZIM,VESSEL,,FCL,YOK,V-ANAM09-450004,ZIMUVAN0081151,EXPRT,ANAM / 09,24552,2267,,2-26-2020 8:05:37 PM,,,AGRICULTURAL PRODUCT,,,,N,,,,,,,,,,,,,,,,,,,,,,,,,
TGBU7212748,40GP96,,ZIM,VESSEL,,FCL,PUS,V-ANAM09-300512,ZIMUMTL0083331C,EXPRT,ANAM / 09,28715,4000,,2-20-2020 3:30:43 PM,,,,,,,N,,,,,,,,,TGBU721274,,,,,,,,,,,,,,,,
TRHU3224132,20GP86,,ZIM,VESSEL,,FCL,SHA,V-ANAM09-090382,ZIMUORF0960432A,EXPRT,ANAM / 09,18716,2350,,2-16-2020 5:45:39 AM,,,,,,,N,,,,,,,,,TRHU322413,,,,,,,,,,,,,,,,
TGBU5496199,40GP96,,ZIM,VESSEL,,FCL,PUS,V-ANAM09-181490,ZIMUVAN937831,EXPRT,ANAM / 09,5906,4000,,2-26-2020 4:59:21 PM,,,,,,,N,,,,,,,,,TGBU549619,,,,,,,,,,,,,,,,
ZCSU5858820,40RE96,,ZIM,VESSEL,,FCL,KHH,V-ANAM09-660486,ZIMUMTL0083940,EXPRT,ANAM / 09,29660,4660,,3-3-2020 10:01:55 AM,,,CUT GREENS,,-20,C,N,,,,,,,,,ZCSU585882,,,,,,,,,,,,,,,,
ZCSU8544340,40GP96,,ZIM,VESSEL,,FCL,PUS,V-ANAM09-500488,ZIMUORF0963136,EXPRT,ANAM / 09,4870.24,4000,,2-26-2020 6:19:42 PM,,,,,,,N,,,,,,,,,ZCSU854434,,,,,,,,,,,,,,,,
ZCSU8555664,40GP96,,ZIM,VESSEL,,FCL,PUS,V-ANAM09-181290,ZIMUVAN937831,EXPRT,ANAM / 09,5422,4000,,2-26-2020 8:06:54 PM,,,,,,,N,,,,,,,,,ZCSU855566,,,,,,,,,,,,,,,,
ZIMU1161098,20GP86,,ZIM,VESSEL,,FCL,KHH,V-ANAM09-051384,ZIMUMTL904709,EXPRT,ANAM / 09,25460,2260,,3-4-2020 4:51:59 PM,,,KITCHENWARE TABLEWARE & HOUSEHOLD PRODUCTS OF CO,,,,N,,,,,,,,,ZIMU116109,,,,,,,,,,,,,,,,
TCNU7395079,40GP96,,ZIM,VESSEL,,FCL,YOK,V-ANAM09-460112,ZIMUVAN0081425,EXPRT,ANAM / 09,23860,4000,,2-20-2020 3:47:37 PM,,,,,,,N,,,,,,,,,TCNU739507,,,,,,,,,,,,,,,,
ZCSU5109669,40RE96,,ZIM,VESSEL,,FCL,PUS,V-ANAM09-500104,ZIMUMTL0083647,EXPRT,ANAM / 09,28320,4700,,2-26-2020 9:34:01 AM,,,CUTTLEFISH FROZEN DRIED OR SALTED,,-18,C,N,,,,,,,,,ZCSU510966,,,,,,,,,,,,,,,,
ZCSU8732100,40GP96,,ZIM,VESSEL,,FCL,PUS,V-ANAM09-181688,ZIMUORF0964820,EXPRT,ANAM / 09,4633.01,3899.99,,2-29-2020 1:55:54 PM,,,,,,,N,,,,,,,,,ZCSU873210,,,,,,,,,,,,,,,,
TLLU4452920,40GP96,,ZIM,VESSEL,,FCL,PUS,V-ANAM09-180990,ZIMUVAN937831,EXPRT,ANAM / 09,6129,3700,,3-3-2020 8:01:56 PM,,,,,,,N,,,,,,,,,TLLU445292,,,,,,,,,,,,,,,,
ZCSU7004970,40GP96,,ZIM,VESSEL,,FCL,PUS,V-ANAM09-181090,ZIMUORF0964025,EXPRT,ANAM / 09,6751.31,4000,,2-29-2020 11:07:55 AM,,,,,,,N,,,,,,,,,ZCSU700497,,,,,,,,,,,,,,,,
ZCSU6525716,40GP96,,ZIM,VESSEL,,FCL,PUS,V-ANAM09-181190,ZIMUORF0964222,EXPRT,ANAM / 09,4575.44,4000,,3-3-2020 8:22:19 PM,,,,,,,N,,,,,,,,,ZCSU652571,,,,,,,,,,,,,,,,
ZCSU5833479,40RE96,,ZIM,VESSEL,,FCL,KHH,V-ANAM09-660384,ZIMUMTL0084159,EXPRT,ANAM / 09,30239.34,4000,,3-4-2020 7:19:19 PM,,,"PORK, FROZEN",,-18,C,N,,,,,,,,,,,,,,,,,,,,,,,,,
GCXU5075176,40GP96,,ZIM,VESSEL,,FCL,PUS,V-ANAM09-500390,ZIMUORF0962087,EXPRT,ANAM / 09,6484.63,3699.95,,2-26-2020 5:30:23 PM,,,,,,,N,,,,,,,,,GCXU507517,,,,,,,,,,,,,,,,
ZCSU7095522,40GP96,,ZIM,VESSEL,,FCL,PUS,V-ANAM09-101286,ZIMUVAN0081608,EXPRT,ANAM / 09,26321,3900,,3-4-2020 8:38:39 AM,,,LUMBER,,,,N,,,,,,,,,ZCSU709552,,,,,,,,,,,,,,,,
ZCSU6554123,40GP96,,ZIM,VESSEL,,FCL,YTN,V-ANAM09-220814,ZIMUVAN0081645,EXPRT,ANAM / 09,27746,3730,,3-4-2020 8:37:07 AM,,,"WOODPULP, BALED-UNITIZED",,,,N,,,,,,,,,ZCSU655412,,,,,,,,,,,,,,,,
ZIMU1320862,20GP86,,ZIM,VESSEL,,FCL,PUS,V-ANAM09-310502,ZIMUVAN0081015,EXPRT,ANAM / 09,20800,2258,,3-1-2020 9:27:23 AM,,,,,,,N,,,,,,,,,ZIMU132086,,,,,,,,,,,,,,,,
ZCSU7191589,40GP96,,ZIM,VESSEL,,FCL,XMN,V-ANAM09-221314,SSPHVAN0081598,EXPRT,ANAM / 09,28620,3700,,3-4-2020 8:50:18 AM,,,PAPER AND PAPERBOARD,,,,N,,,,,,,,,ZCSU719158,,,,,,,,,,,,,,,,
TRIU8197183,40RE96,,ZIM,VESSEL,,FCL,KHH,V-ANAM09-660286,ZIMUMTL0083910,EXPRT,ANAM / 09,30574.15,4750,,3-4-2020 10:33:08 AM,,,CUT GREENS,,-18,C,N,,,,,,,,,,,,,,,,,,,,,,,,,
TCNU6908198,40GP96,,ZIM,VESSEL,,FCL,YTN,V-ANAM09-220812,ZIMUVAN0081645,EXPRT,ANAM / 09,27917,3900,,3-4-2020 8:38:24 AM,,,"WOODPULP, BALED-UNITIZED",,,,N,,,,,,,,,,,,,,,,,,,,,,,,,
CAAU5458232,40GP96,,ZIM,VESSEL,,FCL,PUS,V-ANAM09-101086,ZIMUVAN0081496,EXPRT,ANAM / 09,26043,3700,,3-4-2020 8:41:07 AM,,,LUMBER,,,,N,,,,,,,,,,,,,,,,,,,,,,,,,
ZCSU7040406,40GP96,,ZIM,VESSEL,,FCL,PUS,V-ANAM09-101016,ZIMUVAN0081714,EXPRT,ANAM / 09,25219,3900,,3-4-2020 12:39:14 PM,,,FAK OR CARGO NOS,,,,N,,,,,,,,,,,,,,,,,,,,,,,,,
ZCSU8893050,40GP96,,ZIM,VESSEL,,FCL,PUS,V-ANAM09-301412,ZIMUVAN0081607,EXPRT,ANAM / 09,27275,3900,,3-4-2020 1:41:34 PM,,,LUMBER,,,,N,,,,,,,,,ZCSU889305,,,,,,,,,,,,,,,,
UETU5903623,40GP96,,ZIM,VESSEL,,FCL,YOK,V-ANAM09-460110,ZIMUVAN0081375A,EXPRT,ANAM / 09,24852,4000,,2-20-2020 3:35:24 PM,,,,,,,N,,,,,,,,,,,,,,,,,,,,,,,,,
ZCSU5826340,40RE96,,ZIM,VESSEL,,FCL,KHH,V-ANAM09-660886,ZIMUMTL0078988,EXPRT,ANAM / 09,30994.74,4740,,3-6-2020 2:51:44 PM,,,"PORK, FROZEN",,-18,C,N,,,,,,,,,,,,,,,,,,,,,,,,,
ZCSU8875797,40GP96,,ZIM,VESSEL,,FCL,XMN,V-ANAM09-221416,SSPHVAN0081598,EXPRT,ANAM / 09,27761,3860,,3-4-2020 8:51:56 AM,,,PAPER AND PAPERBOARD,,,,N,,,,,,,,,ZCSU887579,,,,,,,,,,,,,,,,
ZCSU2748687,40GP86,,ZIM,VESSEL,,FCL,NGB,V-ANAM09-660216,SSPHORF917430,EXPRT,ANAM / 09,23078,3800,,3-2-2020 10:34:23 PM,,,,,,,N,,,,,,,,,,,,,,,,,,,,,,,,,
ZCSU2566980,40GP86,,ZIM,VESSEL,,FCL,PUS,V-ANAM09-300516,ZIMUVAN0081353,EXPRT,ANAM / 09,26649,3740,,3-4-2020 9:05:41 AM,,,"WOODPULP, BALED-UNITIZED",,,,N,,,,,,,,,ZCSU256698,,,,,,,,,,,,,,,,
TCNU2767358,40GP96,,ZIM,VESSEL,,FCL,NGB,V-ANAM09-580416,SSPHVAN0081388,EXPRT,ANAM / 09,27711,3700,,3-4-2020 9:10:13 AM,,,"WOODPULP, BALED-UNITIZED",,,,N,,,,,,,,,,,,,,,,,,,,,,,,,
ZCSU2797594,40GP86,,ZIM,VESSEL,,FCL,PUS,V-ANAM09-300514,ZIMUVAN0081353,EXPRT,ANAM / 09,26940,3720,,3-4-2020 9:19:00 AM,,,"WOODPULP, BALED-UNITIZED",,,,N,,,,,,,,,,,,,,,,,,,,,,,,,
ZCSU7186324,40GP96,,ZIM,VESSEL,,FCL,YTN,V-ANAM09-580288,ZIMUVAN0081194,EXPRT,ANAM / 09,29854,3700,,3-4-2020 1:38:46 PM,,,"WOODPULP, BALED-UNITIZED",,,,N,,,,,,,,,,,,,,,,,,,,,,,,,
JXLU5965979,40RE96,,ZIM,VESSEL,,FCL,KHH,V-ANAM09-660186,ZIMUMTL0083653,EXPRT,ANAM / 09,31174.36,4810,,3-4-2020 11:41:45 AM,,,FROZEN MEAT MISC,,-18,C,N,,,,,,,,,,,,,,,,,,,,,,,,,
TGBU5497385,40GP96,,ZIM,VESSEL,,FCL,NGB,V-ANAM09-580414,SSPHVAN0081388,EXPRT,ANAM / 09,27711,3700,,3-4-2020 9:11:41 AM,,,"WOODPULP, BALED-UNITIZED",,,,N,,,,,,,,,,,,,,,,,,,,,,,,,
ZCSU8682838,40GP96,,ZIM,VESSEL,,FCL,YTN,V-ANAM09-580286,ZIMUVAN0081194,EXPRT,ANAM / 09,30045,3900,,3-4-2020 12:55:51 PM,,,"WOODPULP, BALED-UNITIZED",,,,N,,,,,,,,,,,,,,,,,,,,,,,,,
ZIMU1444190,20GP86,,ZIM,VESSEL,,FCL,SHA,V-ANAM09-110382,ZIMUVAN937783,EXPRT,ANAM / 09,17340.82,2259.8,,2-26-2020 5:44:36 PM,,,,,,,N,,,,,,,,,,,,,,,,,,,,,,,,,
SEGU5201687,40GP96,,ZIM,VESSEL,,FCL,XMN,V-ANAM09-221312,SSPHVAN0081598,EXPRT,ANAM / 09,28692,3830,,3-4-2020 8:53:24 AM,,,PAPER AND PAPERBOARD,,,,N,,,,,,,,,SEGU520168,,,,,,,,,,,,,,,,
ZCSU5849407,40RE96,,ZIM,VESSEL,,FCL,PUS,V-ANAM09-500408,ZIMUMTL0084010,EXPRT,ANAM / 09,30855,4680,,3-5-2020 9:58:46 AM,,,"PORK, FROZEN",,-18,C,N,,,,,,,,,,,,,,,,,,,,,,,,,
ZCSU8965843,40GP96,,ZIM,VESSEL,,FCL,YTN,V-ANAM09-580186,ZIMUVAN0081194,EXPRT,ANAM / 09,29996,3900,,3-4-2020 12:51:23 PM,,,"WOODPULP, BALED-UNITIZED",,,,N,,,,,,,,,,,,,,,,,,,,,,,,,
ZCSU5829484,40RE96,,ZIM,VESSEL,,FCL,KHH,V-ANAM09-660386,ZIMUMTL0083892,EXPRT,ANAM / 09,30994.74,4000,,3-4-2020 7:17:57 PM,,,"PORK, FROZEN",,-18,C,N,,,,,,,,,,,,,,,,,,,,,,,,,
ZCSU5131317,40RE96,,ZIM,VESSEL,,FCL,KHH,V-ANAM09-661086,ZIMUMTL0083941,EXPRT,ANAM / 09,29992,4840,,3-2-2020 1:23:25 PM,,,CUTTLEFISH FROZEN DRIED OR SALTED,,-18,C,N,,,,,,,,,,,,,,,,,,,,,,,,,
TGBU5415896,40GP96,,ZIM,VESSEL,,FCL,YTN,V-ANAM09-580086,ZIMUVAN0081194,EXPRT,ANAM / 09,29796,3700,,3-4-2020 12:53:42 PM,,,"WOODPULP, BALED-UNITIZED",,,,N,,,,,,,,,TGBU541589,,,,,,,,,,,,,,,,
ZCSU5969212,40RE96,,ZIM,VESSEL,,FCL,XMN,V-ANAM09-301682,ZIMUVAN937929,EXPRT,ANAM / 09,20597.21,4810,,3-4-2020 2:15:30 PM,,,"PORK, FROZEN",,-18,C,N,,,,,,,,,ZCSU596921,,,,,,,,,,,,,,,,
BMOU4520975,40GP96,,ZIM,VESSEL,,FCL,PUS,V-ANAM09-301010,ZIMUVAN0081199,EXPRT,ANAM / 09,28765,3860,,3-4-2020 5:42:39 PM,,,LUMBER,,,,N,,,,,,,,,BMOU452097,,,,,,,,,,,,,,,,
UESU5262790,40GP96,,ZIM,VESSEL,,FCL,PUS,V-ANAM09-301008,ZIMUVAN0081199,EXPRT,ANAM / 09,29070,4000,,3-4-2020 5:46:43 PM,,,LUMBER,,,,N,,,,,,,,,,,,,,,,,,,,,,,,,
ZCSU5110459,40RE96,,ZIM,VESSEL,,FCL,PUS,V-ANAM09-500286,ZIMUHFX0024800,EXPRT,ANAM / 09,25941,4680,,3-4-2020 10:39:24 AM,,,FAK OR CARGO NOS,,-18,C,N,,,,,,,,,,,,,,,,,,,,,,,,,
ZCSU8715715,40GP96,,ZIM,VESSEL,,FCL,KHH,V-ANAM09-660414,ZIMUORF0962701,EXPRT,ANAM / 09,28900,3900,,3-4-2020 8:59:28 AM,,,CUT GREENS,,,,N,,,,,,,,,ZCSU871571,,,,,,,,,,,,,,,,
ZCSU8730392,40GP96,,ZIM,VESSEL,,FCL,PUS,V-ANAM09-101284,ZIMUVAN0081609,EXPRT,ANAM / 09,26099,3900,,3-4-2020 9:01:10 AM,,,LUMBER,,,,N,,,,,,,,,,,,,,,,,,,,,,,,,
ZMOU8840008,40RE96,,ZIM,VESSEL,,FCL,SHA,V-ANAM09-660310,ZIMUMTL0083011,EXPRT,ANAM / 09,30495.62,4700,,2-26-2020 10:15:39 AM,,,GDSM  GENERAL DEPARTMENT STORE MERCHANDISE,,-18,C,N,,,,,,,,,ZMOU884000,,,,,,,,,,,,,,,,
TCNU8538087,40GP96,,ZIM,VESSEL,,FCL,PUS,V-ANAM09-101282,ZIMUVAN0081496,EXPRT,ANAM / 09,26630,3900,,3-4-2020 9:22:46 AM,,,LUMBER,,,,N,,,,,,,,,,,,,,,,,,,,,,,,,
ZCSU6542483,40GP96,,ZIM,VESSEL,,FCL,YTN,V-ANAM09-220808,ZIMUVAN0081645,EXPRT,ANAM / 09,27995,3730,,3-4-2020 9:23:28 AM,,,"WOODPULP, BALED-UNITIZED",,,,N,,,,,,,,,,,,,,,,,,,,,,,,,
ZCSU8682334,40GP96,,ZIM,VESSEL,,FCL,YTN,V-ANAM09-220806,ZIMUVAN0081645,EXPRT,ANAM / 09,28155,3900,,3-4-2020 9:32:13 AM,,,"WOODPULP, BALED-UNITIZED",,,,N,,,,,,,,,,,,,,,,,,,,,,,,,
TEMU6796230,40GP96,,ZIM,VESSEL,,FCL,PUS,V-ANAM09-301016,ZIMUVAN0081199,EXPRT,ANAM / 09,29420,4000,,3-4-2020 5:36:55 PM,,,LUMBER,,,,N,,,,,,,,,,,,,,,,,,,,,,,,,
FSCU8227242,40GP96,,ZIM,VESSEL,,FCL,PUS,V-ANAM09-300506,ZIMUVAN937924,EXPRT,ANAM / 09,30477,4000,,3-1-2020 4:01:35 PM,,,,,,,N,,,,,,,,,FSCU822724,,,,,,,,,,,,,,,,
FCIU4242764,20GP86,,ZIM,VESSEL,,FCL,XMN,V-ANAM09-211008,SSPHMTL0084061,EXPRT,ANAM / 09,29413,2180,,3-4-2020 5:49:20 PM,,,"LENTILS, BULK",,,,N,,,,,,,,,,,,,,,,,,,,,,,,,
TCNU9780201,40GP96,,ZIM,VESSEL,,FCL,KHH,V-ANAM09-660488,ZIMUORF0962701,EXPRT,ANAM / 09,29044,4000,,3-4-2020 5:51:26 PM,,,CUT GREENS,,,,N,,,,,,,,,TCNU978020,,,,,,,,,,,,,,,,
ZCSU8887252,40GP96,,ZIM,VESSEL,,FCL,YOK,V-ANAM09-460216,ZIMUVAN0081375A,EXPRT,ANAM / 09,25052,3900,,2-21-2020 1:24:24 AM,,,,,,,N,,,,,,,,,ZCSU888725,,,,,,,,,,,,,,,,
CAIU6353666,20GP86,,ZIM,VESSEL,,FCL,XMN,V-ANAM09-211010,ZIMUMTL0083249,EXPRT,ANAM / 09,29770,2150,,3-4-2020 5:57:11 PM,,,"LENTILS, BULK",,,,N,,,,,,,,,CAIU635366,,,,,,,,,,,,,,,,
TRHU2679348,20GP86,,ZIM,VESSEL,,FCL,XMN,V-ANAM09-231012,SSPHMTL0084061,EXPRT,ANAM / 09,28562,2180,,3-4-2020 5:54:18 PM,,,"LENTILS, BULK",,,,N,,,,,,,,,TRHU267934,,,,,,,,,,,,,,,,
ZCSU7189909,40GP96,,ZIM,VESSEL,,FCL,PUS,V-ANAM09-500016,ZIMUVAN0081606,EXPRT,ANAM / 09,26107,3700,,3-4-2020 9:28:23 AM,,,LUMBER,,,,N,,,,,,,,,ZCSU718990,,,,,,,,,,,,,,,,
ZCSU8667392,40GP96,,ZIM,VESSEL,,FCL,PUS,V-ANAM09-301012,ZIMUVAN0081199,EXPRT,ANAM / 09,29390,3900,,3-4-2020 5:39:52 PM,,,LUMBER,,,,N,,,,,,,,,,,,,,,,,,,,,,,,,
ZCSU7189724,40GP96,,ZIM,VESSEL,,FCL,PUS,V-ANAM09-101388,ZIMUVAN0081606,EXPRT,ANAM / 09,24828,3700,,3-4-2020 9:24:13 AM,,,LUMBER,,,,N,,,,,,,,,,,,,,,,,,,,,,,,,
TCKU6642570,40GP96,,ZIM,VESSEL,,FCL,PUS,V-ANAM09-100988,ZIMUVAN0081608,EXPRT,ANAM / 09,25188,3700,,3-4-2020 8:43:35 AM,,,LUMBER,,,,N,,,,,,,,,,,,,,,,,,,,,,,,,
TCNU8767951,40GP96,,ZIM,VESSEL,,FCL,NGB,V-ANAM09-580208,SSPHVAN0081388,EXPRT,ANAM / 09,27821,3810,,3-4-2020 9:36:58 AM,,,"WOODPULP, BALED-UNITIZED",,,,N,,,,,,,,,,,,,,,,,,,,,,,,,
ZCSU8650804,40GP96,,ZIM,VESSEL,,FCL,XMN,V-ANAM09-221414,SSPHVAN0081598,EXPRT,ANAM / 09,28668,3900,,3-4-2020 8:54:44 AM,,,PAPER AND PAPERBOARD,,,,N,,,,,,,,,,,,,,,,,,,,,,,,,
CRSU9069581,40GP96,,ZIM,VESSEL,,FCL,PUS,V-ANAM09-101084,ZIMUVAN0081609,EXPRT,ANAM / 09,25822,3900,,3-4-2020 9:03:22 AM,,,LUMBER,,,,N,,,,,,,,,,,,,,,,,,,,,,,,,
ZCSU5850985,40RE96,,ZIM,VESSEL,,FCL,XMN,V-ANAM09-380186,ZIMUVAN0081689,EXPRT,ANAM / 09,29680,4680,,3-4-2020 11:15:51 AM,,,"PORK, FROZEN",,-18,C,N,,,,,,,,,ZCSU585098,,,,,,,,,,,,,,,,
ZCSU5123857,40RE96,,ZIM,VESSEL,,FCL,XMN,V-ANAM09-380086,ZIMUVAN0081688,EXPRT,ANAM / 09,30800.25,4700,,3-4-2020 10:56:30 AM,,,"PORK, FROZEN",,-18,C,N,,,,,,,,,,,,,,,,,,,,,,,,,
ZCSU5117725,40RE96,,ZIM,VESSEL,,FCL,PUS,V-ANAM09-500384,ZIMUHFX0024800,EXPRT,ANAM / 09,25941,4680,,3-6-2020 2:34:27 PM,,,"PORK, FROZEN",,-18,C,N,,,,,,,,,,,,,,,,,,,,,,,,,
JXLU5820580,40RE96,,ZIM,VESSEL,,FCL,PUS,V-ANAM09-500184,ZIMUHFX0024800,EXPRT,ANAM / 09,25941,4680,,3-5-2020 9:38:00 AM,,,FAK OR CARGO NOS,,-18,C,N,,,,,,,,,,,,,,,,,,,,,,,,,
SZLU9062407,40RE96,,ZIM,VESSEL,,FCL,PUS,V-ANAM09-500008,ZIMUHFX0024800,EXPRT,ANAM / 09,26011,4750,,3-5-2020 1:24:09 PM,,,FAK OR CARGO NOS,,-18,C,N,,,,,,,,,SZLU906240,,,,,,,,,,,,,,,,
ZCSU5865028,40RE96,,ZIM,VESSEL,,FCL,PUS,V-ANAM09-500006,ZIMUHFX0024800,EXPRT,ANAM / 09,25921,4660,,3-5-2020 1:56:31 PM,,,FAK OR CARGO NOS,,-18,C,N,,,,,,,,,,,,,,,,,,,,,,,,,
ZCSU5103568,40RE96,,ZIM,VESSEL,,FCL,PUS,V-ANAM09-500208,ZIMUHFX0024800,EXPRT,ANAM / 09,25941,4680,,3-5-2020 10:45:55 AM,,,FAK OR CARGO NOS,,-18,C,N,,,,,,,,,,,,,,,,,,,,,,,,,
ZMOU8870851,40RE96,,ZIM,VESSEL,,FCL,PUS,V-ANAM09-500084,ZIMUHFX0024874,EXPRT,ANAM / 09,25591,4230,,3-5-2020 9:26:30 AM,,,"PORK, FROZEN",,-18,C,N,,,,,,,,,,,,,,,,,,,,,,,,,
TRLU1711042,40RE96,,ZIM,VESSEL,,FCL,PUS,V-ANAM09-500004,ZIMUHFX0024874,EXPRT,ANAM / 09,25851,4590,,3-5-2020 1:49:25 PM,,,"PORK, FROZEN",,-18,C,N,,,,,,,,,,,,,,,,,,,,,,,,,
ZCSU5174598,40RE96,,ZIM,VESSEL,,FCL,PUS,V-ANAM09-500108,ZIMUHFX0024874,EXPRT,ANAM / 09,25881,4620,,3-6-2020 3:04:49 PM,,,"PORK, FROZEN",,-18,C,N,,,,,,,,,,,,,,,,,,,,,,,,,
ZCSU5174807,40RE96,,ZIM,VESSEL,,FCL,PUS,V-ANAM09-500082,ZIMUHFX0024874,EXPRT,ANAM / 09,25881,4620,,3-6-2020 3:32:02 PM,,,"PORK, FROZEN",,-18,C,N,,,,,,,,,ZCSU517480,,,,,,,,,,,,,,,,
ZCSU5109191,40RE96,,ZIM,VESSEL,,FCL,PUS,V-ANAM09-500186,ZIMUHFX0024874,EXPRT,ANAM / 09,25941,4680,,3-5-2020 9:11:08 AM,,,"PORK, FROZEN",,-18,C,N,,,,,,,,,,,,,,,,,,,,,,,,,
ZCSU5110989,40RE96,,ZIM,VESSEL,,FCL,PUS,V-ANAM09-500206,ZIMUHFX0024874,EXPRT,ANAM / 09,25941,4680,,3-5-2020 10:47:50 AM,,,"PORK, FROZEN",,-18,C,N,,,,,,,,,ZCSU511098,,,,,,,,,,,,,,,,
FSCU8092300,40GP96,,ZIM,VESSEL,,FCL,PUS,V-ANAM09-101014,ZIMUVAN0081168,EXPRT,ANAM / 09,25260,3830,,3-4-2020 12:41:22 PM,,,LUMBER,,,,N,,,,,,,,,FSCU809230,,,,,,,,,,,,,,,,
ZCSU8569800,40GP96,,ZIM,VESSEL,,FCL,NGB,V-ANAM09-580406,SSPHVAN0081388,EXPRT,ANAM / 09,27870,3860,,3-4-2020 12:43:34 PM,,,"WOODPULP, BALED-UNITIZED",,,,N,,,,,,,,,,,,,,,,,,,,,,,,,
TCNU2607982,40GP96,,ZIM,VESSEL,,FCL,YTN,V-ANAM09-580386,ZIMUVAN0081194,EXPRT,ANAM / 09,29796,3700,,3-4-2020 12:48:59 PM,,,"WOODPULP, BALED-UNITIZED",,,,N,,,,,,,,,TCNU260798,,,,,,,,,,,,,,,,
TCNU2765490,40GP96,,ZIM,VESSEL,,FCL,NGB,V-ANAM09-580410,SSPHVAN0081388,EXPRT,ANAM / 09,27711,3700,,3-4-2020 9:51:03 AM,,,"WOODPULP, BALED-UNITIZED",,,,N,,,,,,,,,,,,,,,,,,,,,,,,,
DFOU8037453,40GP96,,ZIM,VESSEL,,FCL,PUS,V-ANAM09-101182,ZIMUVAN0081169,EXPRT,ANAM / 09,29400,3800,,3-4-2020 10:18:48 AM,,,LUMBER,,,,N,,,,,,,,,,,,,,,,,,,,,,,,,
DRYU9671656,40GP96,,ZIM,VESSEL,,FCL,PUS,V-ANAM09-101588,ZIMUVAN0081606,EXPRT,ANAM / 09,23925,3820,,3-4-2020 9:33:44 AM,,,LUMBER,,,,N,,,,,,,,,,,,,,,,,,,,,,,,,
ZCSU5770869,40RE96,,ZIM,VESSEL,,FCL,YTN,V-ANAM09-380482,ZIMUMTL0083659,EXPRT,ANAM / 09,30587,4000,,2-26-2020 11:48:56 AM,,,CUTTLEFISH FROZEN DRIED OR SALTED,,-18,C,N,,,,,,,,,,,,,,,,,,,,,,,,,
ZCSU8823319,40GP96,,ZIM,VESSEL,,FCL,NGB,V-ANAM09-580412,SSPHVAN0081388,EXPRT,ANAM / 09,27911,3900,,3-4-2020 9:45:11 AM,,,"WOODPULP, BALED-UNITIZED",,,,N,,,,,,,,,,,,,,,,,,,,,,,,,
ZCSU8930410,40GP96,,ZIM,VESSEL,,FCL,PUS,V-ANAM09-100982,ZIMUVAN0081169,EXPRT,ANAM / 09,28934,3900,,3-4-2020 10:17:07 AM,,,LUMBER,,,,N,,,,,,,,,,,,,,,,,,,,,,,,,
ZCSU8741587,40GP96,,ZIM,VESSEL,,FCL,PUS,V-ANAM09-101382,ZIMUVAN0081587,EXPRT,ANAM / 09,25775,3900,,3-4-2020 10:20:17 AM,,,LUMBER,,,,N,,,,,,,,,,,,,,,,,,,,,,,,,
TLLU5314320,40GP96,,ZIM,VESSEL,,FCL,KHH,V-ANAM09-660788,ZIMUORF0962701,EXPRT,ANAM / 09,29040,3810,,3-4-2020 9:52:07 AM,,,CUT GREENS,,,,N,,,,,,,,,,,,,,,,,,,,,,,,,
ZCSU7166729,40GP96,,ZIM,VESSEL,,FCL,NGB,V-ANAM09-580408,SSPHVAN0081388,EXPRT,ANAM / 09,27711,3700,,3-4-2020 10:04:59 AM,,,"WOODPULP, BALED-UNITIZED",,,,N,,,,,,,,,,,,,,,,,,,,,,,,,
ZCSU5118001,40RE96,,ZIM,VESSEL,,FCL,PUS,V-ANAM09-500484,ZIMUHFX0024800,EXPRT,ANAM / 09,25941,4680,,3-4-2020 10:41:56 AM,,,FAK OR CARGO NOS,,-18,C,N,,,,,,,,,ZCSU511800,,,,,,,,,,,,,,,,
BSIU9767639,40GP96,,ZIM,VESSEL,,FCL,PUS,V-ANAM09-500088,ZIMUVAN937825,EXPRT,ANAM / 09,24306,4000,,3-1-2020 4:51:04 PM,,,,,,,N,,,,,,,,,BSIU976763,,,,,,,,,,,,,,,,
TGHU9718491,40GP96,,ZIM,VESSEL,,FCL,NGB,V-ANAM09-580404,SSPHVAN0081388,EXPRT,ANAM / 09,27830,4000,,3-4-2020 12:44:49 PM,,,"WOODPULP, BALED-UNITIZED",,,,N,,,,,,,,,,,,,,,,,,,,,,,,,
TCNU8545511,40GP96,,ZIM,VESSEL,,FCL,NGB,V-ANAM09-580402,SSPHVAN0081388,EXPRT,ANAM / 09,27911,3900,,3-4-2020 12:53:16 PM,,,"WOODPULP, BALED-UNITIZED",,,,N,,,,,,,,,TCNU854551,,,,,,,,,,,,,,,,
ZCSU7148160,40GP96,,ZIM,VESSEL,,FCL,PUS,V-ANAM09-100814,ZIMUVAN0081607,EXPRT,ANAM / 09,26791,3700,,3-4-2020 12:53:35 PM,,,LUMBER,,,,N,,,,,,,,,ZCSU714816,,,,,,,,,,,,,,,,
SEGU5194248,40GP96,,ZIM,VESSEL,,FCL,PUS,V-ANAM09-100616,ZIMUVAN0081607,EXPRT,ANAM / 09,27205,3830,,3-4-2020 12:58:56 PM,,,LUMBER,,,,N,,,,,,,,,,,,,,,,,,,,,,,,,
TGBU7204589,40GP96,,ZIM,VESSEL,,FCL,PUS,V-ANAM09-100984,ZIMUVAN0081169,EXPRT,ANAM / 09,28734,3700,,3-4-2020 10:09:25 AM,,,LUMBER,,,,N,,,,,,,,,,,,,,,,,,,,,,,,,
TLLU5929664,40GP96,,ZIM,VESSEL,,FCL,PUS,V-ANAM09-101184,ZIMUVAN0081168,EXPRT,ANAM / 09,26145,3700,,3-4-2020 10:13:25 AM,,,LUMBER,,,,N,,,,,,,,,,,,,,,,,,,,,,,,,
BSIU9540861,40GP96,,ZIM,VESSEL,,FCL,PUS,V-ANAM09-101384,ZIMUVAN0081586,EXPRT,ANAM / 09,25560,3790,,3-4-2020 10:16:18 AM,,,LUMBER,,,,N,,,,,,,,,,,,,,,,,,,,,,,,,
TCNU4563780,40GP96,,ZIM,VESSEL,,FCL,PUS,V-ANAM09-100812,ZIMUVAN0081169,EXPRT,ANAM / 09,28575,3900,,3-4-2020 12:56:33 PM,,,LUMBER,,,,N,,,,,,,,,,,,,,,,,,,,,,,,,
ZCSU6522677,40GP96,,ZIM,VESSEL,,FCL,PUS,V-ANAM09-300616,ZIMUVAN0081169,EXPRT,ANAM / 09,27882,3700,,3-4-2020 1:11:44 PM,,,LUMBER,,,,N,,,,,,,,,,,,,,,,,,,,,,,,,
ZCSU8664120,40GP96,,ZIM,VESSEL,,FCL,KHH,V-ANAM09-660588,ZIMUORF0962701,EXPRT,ANAM / 09,29104,3900,,3-4-2020 1:05:05 PM,,,CUT GREENS,,,,N,,,,,,,,,,,,,,,,,,,,,,,,,
FCIU8640278,40GP96,,ZIM,VESSEL,,FCL,PUS,V-ANAM09-100610,ZIMUVAN0081168,EXPRT,ANAM / 09,25280,3900,,3-4-2020 1:03:55 PM,,,LUMBER,,,,N,,,,,,,,,,,,,,,,,,,,,,,,,
TCNU5353372,40GP96,,ZIM,VESSEL,,FCL,PUS,V-ANAM09-300614,ZIMUVAN0081169,EXPRT,ANAM / 09,29316,3900,,3-4-2020 1:13:59 PM,,,LUMBER,,,,N,,,,,,,,,TCNU535337,,,,,,,,,,,,,,,,
ZCSU7006593,40GP96,,ZIM,VESSEL,,FCL,PUS,V-ANAM09-101288,ZIMUVAN0081500,EXPRT,ANAM / 09,23400,3900,,3-4-2020 10:36:30 AM,,,LUMBER,,,,N,,,,,,,,,,,,,,,,,,,,,,,,,
ZCSU5846394,40RE96,,ZIM,VESSEL,,FCL,PUS,V-ANAM09-500382,ZIMUVAN0081759,EXPRT,ANAM / 09,31850,4680,,3-4-2020 11:35:01 AM,,,"PORK, FROZEN",,-23,C,N,,,,,,,,,ZCSU584639,,,,,,,,,,,,,,,,
TCNU4263994,40GP96,,ZIM,VESSEL,,FCL,PUS,V-ANAM09-100514,ZIMUVAN0081169,EXPRT,ANAM / 09,29747,3900,,3-4-2020 10:40:10 AM,,,LUMBER,,,,N,,,,,,,,,,,,,,,,,,,,,,,,,
ZCSU8520009,40GP96,,ZIM,VESSEL,,FCL,PUS,V-ANAM09-100614,ZIMUVAN0081676,EXPRT,ANAM / 09,26425,3920,,3-4-2020 1:00:16 PM,,,LUMBER,,,,N,,,,,,,,,ZCSU852000,,,,,,,,,,,,,,,,
ZCSU8254634,40GP96,,ZIM,VESSEL,,FCL,PUS,V-ANAM09-100612,ZIMUVAN0081585,EXPRT,ANAM / 09,25885,3890,,3-4-2020 1:02:02 PM,,,LUMBER,,,,N,,,,,,,,,ZCSU825463,,,,,,,,,,,,,,,,
TCNU5416892,40GP96,,ZIM,VESSEL,,FCL,PUS,V-ANAM09-300808,ZIMUVAN0081169,EXPRT,ANAM / 09,29440,3840,,3-4-2020 1:07:53 PM,,,LUMBER,,,,N,,,,,,,,,TCNU541689,,,,,,,,,,,,,,,,
BSIU9419340,40GP96,,ZIM,VESSEL,,FCL,PUS,V-ANAM09-100816,ZIMUVAN0081677,EXPRT,ANAM / 09,26895,3770,,3-4-2020 12:50:49 PM,,,LUMBER,,,,N,,,,,,,,,,,,,,,,,,,,,,,,,
ZCSU8669498,40GP96,,ZIM,VESSEL,,FCL,PUS,V-ANAM09-300508,ZIMUVAN937826,EXPRT,ANAM / 09,30267,3900.89,,2-20-2020 3:27:32 PM,,,,,,,N,,,,,,,,,ZCSU866949,,,,,,,,,,,,,,,,
FCIU8641525,40GP96,,ZIM,VESSEL,,FCL,PUS,V-ANAM09-500416,ZIMUVAN0081585,EXPRT,ANAM / 09,24830,3900,,3-4-2020 1:01:54 PM,,,LUMBER,,,,N,,,,,,,,,,,,,,,,,,,,,,,,,
ZCSU5109355,40RE96,,ZIM,VESSEL,,FCL,PUS,V-ANAM09-500412,ZIMUVAN0081759,EXPRT,ANAM / 09,31850,4680,,3-4-2020 11:36:45 AM,,,"PORK, FROZEN",,-23,C,N,,,,,,,,,ZCSU510935,,,,,,,,,,,,,,,,
GAOU6450475,40GP96,,ZIM,VESSEL,,FCL,YTN,V-ANAM09-220616,ZIMUVAN0081194,EXPRT,ANAM / 09,30056,3700,,3-4-2020 10:52:59 AM,,,"WOODPULP, BALED-UNITIZED",,,,N,,,,,,,,,,,,,,,,,,,,,,,,,
FSCU8227520,40GP96,,ZIM,VESSEL,,FCL,PUS,V-ANAM09-100512,ZIMUVAN0081609,EXPRT,ANAM / 09,26413,3830,,3-4-2020 10:54:54 AM,,,LUMBER,,,,N,,,,,,,,,,,,,,,,,,,,,,,,,
TGCU0150822,40GP96,,ZIM,VESSEL,,FCL,PUS,V-ANAM09-101488,ZIMUVAN0081606,EXPRT,ANAM / 09,23926.78,3770,,3-4-2020 11:00:42 AM,,,LUMBER,,,,N,,,,,,,,,,,,,,,,,,,,,,,,,
FSCU8162542,40GP96,,ZIM,VESSEL,,FCL,PUS,V-ANAM09-300606,ZIMUVAN0081586,EXPRT,ANAM / 09,24545,3830,,3-4-2020 10:05:03 AM,,,LUMBER,,,,N,,,,,,,,,,,,,,,,,,,,,,,,,
CAIU5471216,40RE96,,ZIM,VESSEL,,FCL,KHH,V-ANAM09-660682,ZIMUMTL0084160,EXPRT,ANAM / 09,31640,4640,,3-4-2020 11:10:36 AM,,,"PORK, FROZEN",,-18,C,N,,,,,,,,,,,,,,,,,,,,,,,,,
TCNU8721288,40GP96,,ZIM,VESSEL,,FCL,YOK,V-ANAM09-460012,ZIMUVAN0081375A,EXPRT,ANAM / 09,29016,3900,,2-20-2020 4:20:34 PM,,,,,,,N,,,,,,,,,,,,,,,,,,,,,,,,,
TCNU5644465,40GP96,,ZIM,VESSEL,,FCL,YTN,V-ANAM09-580484,ZIMUVAN0081194,EXPRT,ANAM / 09,30063,3900,,3-4-2020 12:48:33 PM,,,"WOODPULP, BALED-UNITIZED",,,,N,,,,,,,,,TCNU564446,,,,,,,,,,,,,,,,
JXLU5104775,40RE96,,ZIM,VESSEL,,FCL,PUS,V-ANAM09-500012,ZIMUVAN0081759,EXPRT,ANAM / 09,31850,4680,,3-5-2020 12:57:51 PM,,,"PORK, FROZEN",,-23,C,N,,,,,,,,,JXLU510477,,,,,,,,,,,,,,,,
JXLU5105576,40RE96,,ZIM,VESSEL,,FCL,NGB,V-ANAM09-660208,ZIMUMTL0083751,EXPRT,ANAM / 09,33985,4680,,3-4-2020 10:33:57 AM,,,CUT GREENS,,-18,C,N,,,,,,,,,JXLU510557,,,,,,,,,,,,,,,,
FCIU8875014,40GP96,,ZIM,VESSEL,,FCL,PUS,V-ANAM09-101584,ZIMUVAN0081587,EXPRT,ANAM / 09,25775,3900,,3-4-2020 10:34:31 AM,,,LUMBER,,,,N,,,,,,,,,FCIU887501,,,,,,,,,,,,,,,,
ZCSU8626074,40GP96,,ZIM,VESSEL,,FCL,PUS,V-ANAM09-101582,ZIMUVAN0081587,EXPRT,ANAM / 09,25725,3900,,3-4-2020 10:37:29 AM,,,LUMBER,,,,N,,,,,,,,,,,,,,,,,,,,,,,,,
TCKU6020134,40GP96,,ZIM,VESSEL,,FCL,PUS,V-ANAM09-300806,ZIMUVAN0081676,EXPRT,ANAM / 09,25899,3730,,3-4-2020 1:09:06 PM,,,LUMBER,,,,N,,,,,,,,,TCKU602013,,,,,,,,,,,,,,,,
TCNU1755286,40GP96,,ZIM,VESSEL,,FCL,KHH,V-ANAM09-660388,ZIMUORF0962701,EXPRT,ANAM / 09,28904,3700,,3-4-2020 1:42:08 PM,,,CUT GREENS,,,,N,,,,,,,,,,,,,,,,,,,,,,,,,
TCNU2726636,40GP96,,ZIM,VESSEL,,FCL,YTN,V-ANAM09-580488,ZIMUVAN0081194,EXPRT,ANAM / 09,30054,3700,,3-4-2020 1:45:52 PM,,,"WOODPULP, BALED-UNITIZED",,,,N,,,,,,,,,,,,,,,,,,,,,,,,,
JXLU5104902,40RE96,,ZIM,VESSEL,,FCL,KHH,V-ANAM09-660484,ZIMUVAN937918,EXPRT,ANAM / 09,32760,4680,,3-4-2020 11:31:49 AM,,,FROZEN POULTRY,,-18,C,N,,,,,,,,,,,,,,,,,,,,,,,,,
GCXU5006468,40GP96,,ZIM,VESSEL,,FCL,PUS,V-ANAM09-301410,ZIMUVAN0081199,EXPRT,ANAM / 09,28605,3700,,3-4-2020 1:48:09 PM,,,LUMBER,,,,N,,,,,,,,,,,,,,,,,,,,,,,,,
BEAU5338127,40GP96,,ZIM,VESSEL,,FCL,PUS,V-ANAM09-301214,ZIMUVAN0081199,EXPRT,ANAM / 09,29185,3700,,3-4-2020 2:00:43 PM,,,LUMBER,,,,N,,,,,,,,,,,,,,,,,,,,,,,,,
DRYU9141872,40GP96,,ZIM,VESSEL,,FCL,PUS,V-ANAM09-181588,ZIMUVAN937842,EXPRT,ANAM / 09,8444,4000,,2-22-2020 1:28:38 AM,,,,,,,N,,,,,,,,,,,,,,,,,,,,,,,,,
ZIMU1313800,20GP86,,ZIM,VESSEL,,FCL,SHA,V-ANAM09-110002,ZIMUMTL0084252,EXPRT,ANAM / 09,29232,2260,,3-5-2020 9:01:15 AM,,,,,,,N,,,,,,,,,,,,,,,,,,,,,,,,,
TCNU8550040,40GP96,,ZIM,VESSEL,,FCL,PUS,V-ANAM09-101186,ZIMUVAN0081609,EXPRT,ANAM / 09,25899,3900,,3-4-2020 10:02:06 AM,,,LUMBER,,,,N,,,,,,,,,TCNU855004,,,,,,,,,,,,,,,,
ZCSU5845464,40RE96,,ZIM,VESSEL,,FCL,PUS,V-ANAM09-500086,ZIMUHFX0024799,EXPRT,ANAM / 09,25941,4680,,3-5-2020 9:03:12 AM,,,FAK OR CARGO NOS,,-18,C,N,,,,,,,,,,,,,,,,,,,,,,,,,
GMOU8870765,40RE96,,ZIM,VESSEL,,FCL,KHH,V-ANAM09-660282,ZIMUMTL0084119,EXPRT,ANAM / 09,33260,4420,,3-4-2020 3:24:07 PM,,,CUTTLEFISH FROZEN DRIED OR SALTED,,-18,C,N,,,,,,,,,,,,,,,,,,,,,,,,,
FSCU8226138,40GP96,,ZIM,VESSEL,,FCL,PUS,V-ANAM09-301216,ZIMUVAN0081199,EXPRT,ANAM / 09,29320,3830,,3-4-2020 1:58:37 PM,,,LUMBER,,,,N,,,,,,,,,,,,,,,,,,,,,,,,,
CRSU9019847,40GP96,,ZIM,VESSEL,,FCL,PUS,V-ANAM09-101486,ZIMUVAN0081676,EXPRT,ANAM / 09,26108,3900,,3-4-2020 1:45:38 PM,,,LUMBER,,,,N,,,,,,,,,,,,,,,,,,,,,,,,,
ZIMU1288755,20GP86,,ZIM,VESSEL,,FCL,XMN,V-ANAM09-211006,SSPHMTL0084061,EXPRT,ANAM / 09,29503,2220,,3-4-2020 5:42:21 PM,,,"LENTILS, BULK",,,,N,,,,,,,,,ZIMU128875,,,,,,,,,,,,,,,,
ZCSU6502963,40GP96,,ZIM,VESSEL,,FCL,PUS,V-ANAM09-301408,ZIMUVAN0081676,EXPRT,ANAM / 09,26481,3730,,3-4-2020 1:52:22 PM,,,LUMBER,,,,N,,,,,,,,,,,,,,,,,,,,,,,,,
ZCSU5110799,40RE96,,ZIM,VESSEL,,FCL,NGB,V-ANAM09-660112,ZIMUMTL0083762,EXPRT,ANAM / 09,33985,4680,,3-5-2020 9:19:58 AM,,,CUT GREENS,,-20,C,N,,,,,,,,,,,,,,,,,,,,,,,,,
TCNU4297551,40GP96,,ZIM,VESSEL,,FCL,PUS,V-ANAM09-300716,ZIMUVAN0081585,EXPRT,ANAM / 09,25895,3900,,3-4-2020 1:17:28 PM,,,LUMBER,,,,N,,,,,,,,,,,,,,,,,,,,,,,,,
ZCSU8920134,40GP96,,ZIM,VESSEL,,FCL,PUS,V-ANAM09-301414,ZIMUVAN0081169,EXPRT,ANAM / 09,29623,3900,,3-4-2020 1:13:51 PM,,,LUMBER,,,,N,,,,,,,,,,,,,,,,,,,,,,,,,
TRIU8193779,40RE96,,ZIM,VESSEL,,FCL,KHH,V-ANAM09-660482,ZIMUMTL0084117,EXPRT,ANAM / 09,33730,4750,,3-4-2020 2:21:38 PM,,,CUT GREENS,,-18,C,N,,,,,,,,,,,,,,,,,,,,,,,,,
ZCSU5969357,40RE96,,ZIM,VESSEL,,FCL,PUS,V-ANAM09-500284,ZIMUMTL0083835,EXPRT,ANAM / 09,27985,4810,,3-4-2020 10:44:16 AM,,,GDSM  GENERAL DEPARTMENT STORE MERCHANDISE,,-18,C,N,,,,,,,,,,,,,,,,,,,,,,,,,
TLLU4858340,40GP96,,ZIM,VESSEL,,FCL,PUS,V-ANAM09-101386,ZIMUVAN0081587,EXPRT,ANAM / 09,25165,3700,,3-4-2020 10:10:52 AM,,,LUMBER,,,,N,,,,,,,,,TLLU485834,,,,,,,,,,,,,,,,
ZCSU6554761,40GP96,,ZIM,VESSEL,,FCL,YTN,V-ANAM09-580388,ZIMUVAN0081645,EXPRT,ANAM / 09,27645,3730,,3-4-2020 1:15:40 PM,,,"WOODPULP, BALED-UNITIZED",,,,N,,,,,,,,,ZCSU655476,,,,,,,,,,,,,,,,
ZCSU8951161,40GP96,,ZIM,VESSEL,,FCL,NGB,V-ANAM09-580216,ZIMUVAN0081666,EXPRT,ANAM / 09,28694,3900,,3-4-2020 1:54:54 PM,,,METAL SCRAP,,,,N,,,,,,,,,ZCSU895116,,,,,,,,,,,,,,,,
GMOU8872095,40RE96,,ZIM,VESSEL,,FCL,KHH,V-ANAM09-660382,ZIMUTRT0107221,EXPRT,ANAM / 09,33400,4420,,3-6-2020 1:27:37 PM,,,"PORK, FROZEN",,-18,C,N,,,,,,,,,,,,,,,,,,,,,,,,,
ZCSU5129639,40RE96,,ZIM,VESSEL,,FCL,PUS,V-ANAM09-500106,ZIMUMTL0083702,EXPRT,ANAM / 09,28480,4840,,2-26-2020 8:52:35 AM,,,"PORK, FROZEN",,-18,C,N,,,,,,,,,,,,,,,,,,,,,,,,,
ZCSU8710307,40GP96,,ZIM,VESSEL,,FCL,PUS,V-ANAM09-100516,ZIMUVAN0081039,EXPRT,ANAM / 09,27720,3900,,3-4-2020 10:37:24 AM,,,LUMBER,,,,N,,,,,,,,,ZCSU871030,,,,,,,,,,,,,,,,
TCNU4576860,40GP96,,ZIM,VESSEL,,FCL,NGB,V-ANAM09-580210,SSPHVAN0081388,EXPRT,ANAM / 09,27910,3900,,3-4-2020 2:53:09 PM,,,"WOODPULP, BALED-UNITIZED",,,,N,,,,,,,,,,,,,,,,,,,,,,,,,
ZCSU8884422,40GP96,,ZIM,VESSEL,,FCL,PUS,V-ANAM09-101686,ZIMUVAN0081585,EXPRT,ANAM / 09,25500,3900,,3-4-2020 1:11:17 PM,,,LUMBER,,,,N,,,,,,,,,ZCSU888442,,,,,,,,,,,,,,,,
TCLU2304090,20GP86,,ZIM,VESSEL,,FCL,XMN,V-ANAM09-231006,ZIMUMTL0083956,EXPRT,ANAM / 09,29413,2200,,3-4-2020 1:37:40 PM,,,CHICK PEAS,,,,N,,,,,,,,,,,,,,,,,,,,,,,,,
ZCSU7012092,40GP96,,ZIM,VESSEL,,FCL,PUS,V-ANAM09-301206,ZIMUVAN0081607,EXPRT,ANAM / 09,27095,3900,,3-4-2020 2:38:58 PM,,,LUMBER,,,,N,,,,,,,,,,,,,,,,,,,,,,,,,
ZCSU6514223,40GP96,,ZIM,VESSEL,,FCL,YTN,V-ANAM09-580188,ZIMUVAN0081645,EXPRT,ANAM / 09,27990,3730,,3-4-2020 1:24:01 PM,,,"WOODPULP, BALED-UNITIZED",,,,N,,,,,,,,,,,,,,,,,,,,,,,,,
ZCSU7095414,40GP96,,ZIM,VESSEL,,FCL,YTN,V-ANAM09-580088,ZIMUVAN0081645,EXPRT,ANAM / 09,28150,3900,,3-4-2020 1:25:26 PM,,,"WOODPULP, BALED-UNITIZED",,,,N,,,,,,,,,,,,,,,,,,,,,,,,,
CAIU9228333,40GP96,,ZIM,VESSEL,,FCL,PUS,V-ANAM09-300714,ZIMUVAN0081199,EXPRT,ANAM / 09,29200,3860,,3-4-2020 1:30:33 PM,,,LUMBER,,,,N,,,,,,,,,CAIU922833,,,,,,,,,,,,,,,,
ZIMU1388076,20GP86,,ZIM,VESSEL,,FCL,PUS,V-ANAM09-290804,ZIMUMTL904628,EXPRT,ANAM / 09,29463,2260,,3-5-2020 10:17:19 AM,,,"LENTILS, BULK",,,,N,,,,,,,,,,,,,,,,,,,,,,,,,
ZIMU2936718,20GP86,,ZIM,VESSEL,,FCL,PUS,V-ANAM09-290602,ZIMUMTL904628,EXPRT,ANAM / 09,29202,2260,,3-5-2020 10:48:19 AM,,,"LENTILS, BULK",,,,N,,,,,,,,,,,,,,,,,,,,,,,,,
ZIMU1154015,20GP86,,ZIM,VESSEL,,FCL,SHA,V-ANAM09-090108,ZIMUMTL0084252,EXPRT,ANAM / 09,29292,2260,,3-5-2020 11:08:20 AM,,,,,,,N,,,,,,,,,,,,,,,,,,,,,,,,,
TGBU5491999,40GP96,,ZIM,VESSEL,,FCL,YTN,V-ANAM09-220604,ZIMUVAN0081645,EXPRT,ANAM / 09,27814,3700,,3-4-2020 2:51:29 PM,,,"WOODPULP, BALED-UNITIZED",,,,N,,,,,,,,,,,,,,,,,,,,,,,,,
TGBU2538639,20GP86,,ZIM,VESSEL,,FCL,PUS,V-ANAM09-310604,ZIMUMTL904628,EXPRT,ANAM / 09,29162,2120,,3-5-2020 10:37:22 AM,,,"LENTILS, BULK",,,,N,,,,,,,,,,,,,,,,,,,,,,,,,
ZCSU8540598,40GP96,,ZIM,VESSEL,,FCL,YTN,V-ANAM09-380214,ZIMUVAN0081645,EXPRT,ANAM / 09,27917,3900,,3-4-2020 11:41:06 AM,,,"WOODPULP, BALED-UNITIZED",,,,N,,,,,,,,,ZCSU854059,,,,,,,,,,,,,,,,
TGBU7208898,40GP96,,ZIM,VESSEL,,FCL,NGB,V-ANAM09-580212,SSPHVAN0081388,EXPRT,ANAM / 09,24010,3700,,3-4-2020 2:48:22 PM,,,"WOODPULP, BALED-UNITIZED",,,,N,,,,,,,,,TGBU720889,,,,,,,,,,,,,,,,
GLDU3876580,20GP86,,ZIM,VESSEL,,FCL,SHA,V-ANAM09-090204,ZIMUMTL0083667,EXPRT,ANAM / 09,29750,2350,,3-4-2020 4:59:41 PM,,,FAK OR CARGO NOS,,,,N,,,,,,,,,GLDU387658,,,,,,,,,,,,,,,,
TRIU8633163,40RE96,,ZIM,VESSEL,,FCL,PUS,V-ANAM09-500386,ZIMUHFX0024800,EXPRT,ANAM / 09,26011,4750,,3-4-2020 5:07:16 PM,,,FAK OR CARGO NOS,,-18,C,N,,,,,,,,,,,,,,,,,,,,,,,,,
JXLU8966120,40GP96,,ZIM,VESSEL,,FCL,YTN,V-ANAM09-580282,ZIMUVAN0081194,EXPRT,ANAM / 09,30061,3900,,3-4-2020 5:51:49 PM,,,"WOODPULP, BALED-UNITIZED",,,,N,,,,,,,,,JXLU896612,,,,,,,,,,,,,,,,
TGBU7071465,40GP96,,ZIM,VESSEL,,FCL,YTN,V-ANAM09-580082,ZIMUVAN0081194,EXPRT,ANAM / 09,29995,3700,,3-4-2020 5:49:16 PM,,,"WOODPULP, BALED-UNITIZED",,,,N,,,,,,,,,TGBU707146,,,,,,,,,,,,,,,,
TCKU3925474,20GP86,,ZIM,VESSEL,,FCL,SHA,V-ANAM09-090006,ZIMUMTL0083667,EXPRT,ANAM / 09,29720,2350,,3-4-2020 5:08:01 PM,,,FAK OR CARGO NOS,,,,N,,,,,,,,,,,,,,,,,,,,,,,,,
ZIMU1286794,20GP86,,ZIM,VESSEL,,FCL,XMN,V-ANAM09-231010,SSPHMTL0084061,EXPRT,ANAM / 09,29483,2220,,3-4-2020 5:52:11 PM,,,"LENTILS, BULK",,,,N,,,,,,,,,,,,,,,,,,,,,,,,,
JXLU5844391,40RE96,,ZIM,VESSEL,,FCL,YTN,V-ANAM09-380382,ZIMUMTL0083699,EXPRT,ANAM / 09,30503,4680,,2-26-2020 10:45:04 AM,,,"PORK, FROZEN",,-18,C,N,,,,,,,,,,,,,,,,,,,,,,,,,
ZCSU8621663,40GP96,,ZIM,VESSEL,,FCL,NGB,V-ANAM09-580214,SSPHVAN0081388,EXPRT,ANAM / 09,27870,3860,,3-4-2020 2:33:30 PM,,,"WOODPULP, BALED-UNITIZED",,,,N,,,,,,,,,,,,,,,,,,,,,,,,,
GAOU6137157,40GP96,,ZIM,VESSEL,,FCL,PUS,V-ANAM09-301212,ZIMUVAN0081199,EXPRT,ANAM / 09,28575,3700,,3-4-2020 2:03:56 PM,,,LUMBER,,,,N,,,,,,,,,,,,,,,,,,,,,,,,,
TCNU2311455,40GP96,,ZIM,VESSEL,,FCL,PUS,V-ANAM09-101116,ZIMUVAN0081677,EXPRT,ANAM / 09,26692,3700,,3-4-2020 11:37:45 AM,,,LUMBER,,,,N,,,,,,,,,,,,,,,,,,,,,,,,,
ZCSU7049126,40GP96,,ZIM,VESSEL,,FCL,PUS,V-ANAM09-101216,ZIMUVAN0081607,EXPRT,ANAM / 09,26876,3900,,3-4-2020 11:42:14 AM,,,LUMBER,,,,N,,,,,,,,,,,,,,,,,,,,,,,,,
TGBU7201810,40GP96,,ZIM,VESSEL,,FCL,YTN,V-ANAM09-580486,ZIMUVAN0081645,EXPRT,ANAM / 09,27955,3700,,3-4-2020 1:06:24 PM,,,"WOODPULP, BALED-UNITIZED",,,,N,,,,,,,,,,,,,,,,,,,,,,,,,
ZCSU5852252,40RE96,,ZIM,VESSEL,,FCL,PUS,V-ANAM09-500010,ZIMUVAN0081759,EXPRT,ANAM / 09,31800,4630,,3-5-2020 12:59:45 PM,,,"PORK, FROZEN",,-23,C,N,,,,,,,,,,,,,,,,,,,,,,,,,
ZCSU5120708,40RE96,,ZIM,VESSEL,,FCL,PUS,V-ANAM09-500204,ZIMUVAN0081759,EXPRT,ANAM / 09,31830,4660,,3-5-2020 12:55:50 PM,,,"PORK, FROZEN",,-23,C,N,,,,,,,,,,,,,,,,,,,,,,,,,
ZCSU7012873,40GP96,,ZIM,VESSEL,,FCL,YOK,V-ANAM09-460212,ZIMUVAN0081375A,EXPRT,ANAM / 09,25052,3900,,2-20-2020 3:34:16 PM,,,,,,,N,,,,,,,,,,,,,,,,,,,,,,,,,
TEMU6771850,40GP96,,ZIM,VESSEL,,FCL,YOK,V-ANAM09-460214,ZIMUVAN0081375A,EXPRT,ANAM / 09,29006,3890,,2-20-2020 3:23:20 PM,,,,,,,N,,,,,,,,,,,,,,,,,,,,,,,,,
GAOU6455862,40GP96,,ZIM,VESSEL,,FCL,YTN,V-ANAM09-380216,ZIMUVAN0081645,EXPRT,ANAM / 09,27950,3700,,3-4-2020 2:50:35 PM,,,"WOODPULP, BALED-UNITIZED",,,,N,,,,,,,,,,,,,,,,,,,,,,,,,
TLLU4445520,40GP96,,ZIM,VESSEL,,FCL,YTN,V-ANAM09-220606,ZIMUVAN0081645,EXPRT,ANAM / 09,27947,3700,,3-4-2020 2:58:55 PM,,,"WOODPULP, BALED-UNITIZED",,,,N,,,,,,,,,,,,,,,,,,,,,,,,,
ZCSU7081895,40GP96,,ZIM,VESSEL,,FCL,PUS,V-ANAM09-100716,ZIMUVAN0081607,EXPRT,ANAM / 09,26995,3900,,3-4-2020 11:22:44 AM,,,LUMBER,,,,N,,,,,,,,,,,,,,,,,,,,,,,,,
CAAU5239888,40GP96,,ZIM,VESSEL,,FCL,PUS,V-ANAM09-100714,ZIMUVAN0081607,EXPRT,ANAM / 09,26650,3700,,3-4-2020 11:29:05 AM,,,LUMBER,,,,N,,,,,,,,,,,,,,,,,,,,,,,,,
TCNU2300574,40GP96,,ZIM,VESSEL,,FCL,PUS,V-ANAM09-100914,ZIMUVAN0081607,EXPRT,ANAM / 09,26692,3700,,3-4-2020 11:37:35 AM,,,LUMBER,,,,N,,,,,,,,,,,,,,,,,,,,,,,,,
TCNU8781013,40GP96,,ZIM,VESSEL,,FCL,PUS,V-ANAM09-301014,ZIMUVAN0081199,EXPRT,ANAM / 09,28685,4000,,3-4-2020 5:38:20 PM,,,LUMBER,,,,N,,,,,,,,,,,,,,,,,,,,,,,,,
TEMU4804614,20GP86,,ZIM,VESSEL,,FCL,XMN,V-ANAM09-231210,SSPHMTL0084061,EXPRT,ANAM / 09,27220,2200,,3-4-2020 6:01:35 PM,,,"LENTILS, BULK",,,,N,,,,,,,,,,,,,,,,,,,,,,,,,
SEGU5681098,40GP96,,ZIM,VESSEL,,FCL,PUS,V-ANAM09-500288,ZIMUVAN937825,EXPRT,ANAM / 09,24345,4000,,3-1-2020 5:10:55 PM,,,,,,,N,,,,,,,,,,,,,,,,,,,,,,,,,
ZCSU5127298,40RE96,,ZIM,VESSEL,,FCL,PUS,V-ANAM09-500282,ZIMUHFX0024874,EXPRT,ANAM / 09,25961,4700,,3-4-2020 1:37:17 PM,,,"PORK, FROZEN",,-18,C,N,,,,,,,,,,,,,,,,,,,,,,,,,
TCNU7127517,40GP96,,ZIM,VESSEL,,FCL,PUS,V-ANAM09-301208,ZIMUVAN0081607,EXPRT,ANAM / 09,26784,3810,,3-4-2020 2:36:07 PM,,,LUMBER,,,,N,,,,,,,,,,,,,,,,,,,,,,,,,
ZCSU8499072,40GP96,,ZIM,VESSEL,,FCL,PUS,V-ANAM09-300904,ZIMUVAN0081039,EXPRT,ANAM / 09,28945,3900,,3-5-2020 9:14:26 AM,,,LUMBER,,,,N,,,,,,,,,,,,,,,,,,,,,,,,,
ZIMU1410267,20GP86,,ZIM,VESSEL,,FCL,PUS,V-ANAM09-290604,ZIMUMTL904628,EXPRT,ANAM / 09,29302,2260,,3-5-2020 10:23:04 AM,,,"LENTILS, BULK",,,,N,,,,,,,,,,,,,,,,,,,,,,,,,
TGBU6265173,40GP96,,ZIM,VESSEL,,FCL,PUS,V-ANAM09-100712,ZIMUVAN0081677,EXPRT,ANAM / 09,26308,3700,,3-4-2020 11:33:44 AM,,,LUMBER,,,,N,,,,,,,,,,,,,,,,,,,,,,,,,
GAOU6134543,40GP96,,ZIM,VESSEL,,FCL,YTN,V-ANAM09-220608,ZIMUVAN0081645,EXPRT,ANAM / 09,27923,3700,,3-4-2020 11:17:11 AM,,,"WOODPULP, BALED-UNITIZED",,,,N,,,,,,,,,,,,,,,,,,,,,,,,,
BSIU9535274,40GP96,,ZIM,VESSEL,,FCL,YTN,V-ANAM09-380212,ZIMUVAN0081645,EXPRT,ANAM / 09,27787,3770,,3-4-2020 11:32:54 AM,,,"WOODPULP, BALED-UNITIZED",,,,N,,,,,,,,,,,,,,,,,,,,,,,,,
TCNU8936054,40GP96,,ZIM,VESSEL,,FCL,PUS,V-ANAM09-180988,ZIMUORF0963761,EXPRT,ANAM / 09,8417.83,3899.99,,2-29-2020 2:42:30 PM,,,,,,,N,,,,,,,,,,,,,,,,,,,,,,,,,
ZCSU5863766,40RE96,,ZIM,VESSEL,,FCL,YOK,V-ANAM09-300486,ZIMUMTL0084012,EXPRT,ANAM / 09,30037.35,4660,,3-3-2020 9:34:33 AM,,,GDSM  GENERAL DEPARTMENT STORE MERCHANDISE,,-18,C,N,,,,,,,,,,,,,,,,,,,,,,,,,
ZCSU5107692,40RE96,,ZIM,VESSEL,,FCL,YTN,V-ANAM09-380282,ZIMUMTL0083701,EXPRT,ANAM / 09,30476,4680,,2-26-2020 10:46:41 AM,,,"PORK, FROZEN",,-18,C,N,,,,,,,,,ZCSU510769,,,,,,,,,,,,,,,,
ZIMU2923114,20GP86,,ZIM,VESSEL,,FCL,NGB,V-ANAM09-030786,ZIMUTRT0106702,EXPRT,ANAM / 09,22640,2350,,2-24-2020 5:11:40 AM,,,,,,,N,,,,,,,,,,,,,,,,,,,,,,,,,
TCNU8187676,40GP96,,ZIM,VESSEL,,FCL,PUS,V-ANAM09-101484,ZIMUVAN0081360,EXPRT,ANAM / 09,28819,3841.93,,3-1-2020 9:36:45 PM,,,,,,,N,,,,,,,,,,,,,,,,,,,,,,,,,
MCKU0205875,20GP86,,ZIM,VESSEL,,FCL,SHA,V-ANAM09-090206,ZIMUMTL0083667,EXPRT,ANAM / 09,29700,2185,,3-4-2020 4:56:32 PM,,,FAK OR CARGO NOS,,,,N,,,,,,,,,,,,,,,,,,,,,,,,,
TRHU1393004,20GP86,,ZIM,VESSEL,,FCL,NGB,V-ANAM09-390402,ZIMUTRT0106702,EXPRT,ANAM / 09,22560,2350,,2-24-2020 3:48:12 AM,,,,,,,N,,,,,,,,,,,,,,,,,,,,,,,,,
ZIMU3062664,20GP86,,ZIM,VESSEL,,FCL,SHA,V-ANAM09-090386,ZIMUORF0960985,EXPRT,ANAM / 09,18763.29,2350,,2-26-2020 12:50:09 PM,,,,,,,N,,,,,,,,,,,,,,,,,,,,,,,,,
ZIMU1011159,20GP86,,ZIM,VESSEL,,FCL,PUS,V-ANAM09-310602,ZIMUMTL904628,EXPRT,ANAM / 09,29383,2260,,3-5-2020 10:51:17 AM,,,"LENTILS, BULK",,,,N,,,,,,,,,,,,,,,,,,,,,,,,,
ZCSU2629836,40GP86,,ZIM,VESSEL,,FCL,NGB,V-ANAM09-380418,ZIMUVAN937853,EXPRT,ANAM / 09,29372,3720,,3-6-2020 8:55:06 AM,,,"WOODPULP, BALED-UNITIZED",,,,N,,,,,,,,,,,,,,,,,,,,,,,,,
TLLU4942173,40GP96,,ZIM,VESSEL,,FCL,YTN,V-ANAM09-220614,ZIMUVAN0081194,EXPRT,ANAM / 09,29874,3700,,3-4-2020 11:08:51 AM,,,"WOODPULP, BALED-UNITIZED",,,,N,,,,,,,,,,,,,,,,,,,,,,,,,
ZCSU2645924,40GP86,,ZIM,VESSEL,,FCL,NGB,V-ANAM09-380416,ZIMUVAN937853,EXPRT,ANAM / 09,29366,3720,,3-6-2020 8:56:49 AM,,,"WOODPULP, BALED-UNITIZED",,,,N,,,,,,,,,,,,,,,,,,,,,,,,,
ZCSU2733537,40GP86,,ZIM,VESSEL,,FCL,NGB,V-ANAM09-380412,ZIMUVAN937853,EXPRT,ANAM / 09,29947,3720,,3-6-2020 9:10:05 AM,,,"WOODPULP, BALED-UNITIZED",,,,N,,,,,,,,,,,,,,,,,,,,,,,,,
TCNU4557200,40GP96,,ZIM,VESSEL,,FCL,NGB,V-ANAM09-580104,ZIMUVAN937853,EXPRT,ANAM / 09,29887,3900,,3-6-2020 9:38:10 AM,,,"WOODPULP, BALED-UNITIZED",,,,N,,,,,,,,,,,,,,,,,,,,,,,,,
BSIU3015594,20GP86,,ZIM,VESSEL,,FCL,XMN,V-ANAM09-211012,SSPHMTL0084061,EXPRT,ANAM / 09,28547,2185,,3-4-2020 5:55:13 PM,,,"LENTILS, BULK",,,,N,,,,,,,,,,,,,,,,,,,,,,,,,
ZIMU1058285,20GP86,,ZIM,VESSEL,,FCL,XMN,V-ANAM09-211212,ZIMUMTL0083249,EXPRT,ANAM / 09,29670,2260,,3-4-2020 6:14:00 PM,,,"LENTILS, BULK",,,,N,,,,,,,,,,,,,,,,,,,,,,,,,
ZCSU8649613,40GP96,,ZIM,VESSEL,,FCL,NGB,V-ANAM09-580316,ZIMUVAN937853,EXPRT,ANAM / 09,29295,3900,,3-6-2020 9:42:15 AM,,,"WOODPULP, BALED-UNITIZED",,,,N,,,,,,,,,,,,,,,,,,,,,,,,,
FCIU4104955,20GP86,,ZIM,VESSEL,,FCL,XMN,V-ANAM09-211412,ZIMUMTL0083249,EXPRT,ANAM / 09,29670,2180,,3-4-2020 6:24:59 PM,,,"LENTILS, BULK",,,,N,,,,,,,,,,,,,,,,,,,,,,,,,
ZIMU2873944,20GP86,,ZIM,VESSEL,,FCL,XMN,V-ANAM09-231412,ZIMUMTL0083249,EXPRT,ANAM / 09,29680,2280,,3-4-2020 6:26:34 PM,,,"LENTILS, BULK",,,,N,,,,,,,,,,,,,,,,,,,,,,,,,
HNSU5025242,40GP96,,ZIM,VESSEL,,FCL,YOK,V-ANAM09-300288,ZIMUORF0962734,EXPRT,ANAM / 09,7293,4100,,3-2-2020 9:40:07 PM,,,,,,,N,,,,,,,,,,,,,,,,,,,,,,,,,
SEGU2321713,20GP86,,ZIM,VESSEL,,FCL,XMN,V-ANAM09-231008,SSPHMTL0084061,EXPRT,ANAM / 09,29483,2180,,3-4-2020 5:48:07 PM,,,"LENTILS, BULK",,,,N,,,,,,,,,,,,,,,,,,,,,,,,,
CAIU5471392,40RE96,,ZIM,VESSEL,,FCL,YTN,V-ANAM09-380084,ZIMUMTL0083700,EXPRT,ANAM / 09,30436,4640,,2-26-2020 10:03:18 AM,,,"PORK, FROZEN",,-18,C,N,,,,,,,,,,,,,,,,,,,,,,,,,
TCKU2026129,20GP86,,ZIM,VESSEL,,FCL,SHA,V-ANAM09-110008,ZIMUCHI902812,EXPRT,ANAM / 09,6989.64,2350,,2-29-2020 1:05:51 PM,,,,,,,N,,,,,,,,,,,,,,,,,,,,,,,,,
ZCSU6538689,40GP96,,ZIM,VESSEL,,FCL,PUS,V-ANAM09-181288,ZIMUORF0964311,EXPRT,ANAM / 09,4615.36,4000,,3-3-2020 4:50:01 PM,,,,,,,N,,,,,,,,,,,,,,,,,,,,,,,,,
ZCSU8647652,40GP96,,ZIM,VESSEL,,FCL,NGB,V-ANAM09-580206,ZIMUVAN937854,EXPRT,ANAM / 09,30065,3900,,3-6-2020 12:55:42 PM,,,"WOODPULP, BALED-UNITIZED",,,,N,,,,,,,,,,,,,,,,,,,,,,,,,
TRHU2353731,20GP86,,ZIM,VESSEL,,FCL,SHA,V-ANAM09-110386,ZIMUORF0961906,EXPRT,ANAM / 09,10933.84,2179.96,,2-26-2020 11:10:29 PM,,,,,,,N,,,,,,,,,,,,,,,,,,,,,,,,,
ZCSU5113062,40RE96,,ZIM,VESSEL,,FCL,KHH,V-ANAM09-660684,ZIMUMTL0083922,EXPRT,ANAM / 09,32760,4680,,3-6-2020 3:16:20 PM,,,"PORK, FROZEN",,-18,C,N,,,,,,,,,,,,,,,,,,,,,,,,,
TCLU3042517,20GP86,,ZIM,VESSEL,,FCL,XMN,V-ANAM09-211210,SSPHMTL0084061,EXPRT,ANAM / 09,29363,2200,,3-4-2020 6:04:17 PM,,,"LENTILS, BULK",,,,N,,,,,,,,,,,,,,,,,,,,,,,,,
TEMU1048658,20GP86,,ZIM,VESSEL,,FCL,YOK,V-ANAM09-470208,ZIMUMTL0083523,EXPRT,ANAM / 09,23621,2100,,3-4-2020 6:28:57 PM,,,BEANS,,,,N,,,,,,,,,,,,,,,,,,,,,,,,,
TRLU8858890,20GP86,,ZIM,VESSEL,,FCL,YOK,V-ANAM09-450208,ZIMUMTL0083523,EXPRT,ANAM / 09,23621,2230,,3-4-2020 6:18:58 PM,,,BEANS,,,,N,,,,,,,,,,,,,,,,,,,,,,,,,
RFCU5054026,40GP96,,ZIM,VESSEL,,FCL,YOK,V-ANAM09-300488,ZIMUORF0961763,EXPRT,ANAM / 09,9913,4000,,2-22-2020 10:58:41 AM,,,,,,,N,,,,,,,,,,,,,,,,,,,,,,,,,
TLLU5873483,40GP96,,ZIM,VESSEL,,FCL,YOK,V-ANAM09-300388,ZIMUORF0961763,EXPRT,ANAM / 09,9209,4000,,2-22-2020 10:48:59 AM,,,,,,,N,,,,,,,,,,,,,,,,,,,,,,,,,
DFSU6298410,40GP96,,ZIM,VESSEL,,FCL,YOK,V-ANAM09-300090,ZIMUORF0961763,EXPRT,ANAM / 09,9135,4000,,2-22-2020 11:10:28 AM,,,,,,,N,,,,,,,,,,,,,,,,,,,,,,,,,
ZCSU5838418,40RE96,,ZIM,VESSEL,,FCL,KHH,V-ANAM09-660082,ZIMUTRT0106031,EXPRT,ANAM / 09,32793,4740,,3-4-2020 6:18:15 PM,,,FAK OR CARGO NOS,,-18,C,N,,,,,,,,,,,,,,,,,,,,,,,,,
DFSU6538759,40GP96,,ZIM,VESSEL,,FCL,NGB,V-ANAM09-580302,ZIMUVAN937853,EXPRT,ANAM / 09,29696,3810,,3-6-2020 11:37:48 AM,,,"WOODPULP, BALED-UNITIZED",,,,N,,,,,,,,,,,,,,,,,,,,,,,,,
ZMOU8844620,40RE96,,ZIM,VESSEL,,FCL,KHH,V-ANAM09-660686,ZIMUMTL0083937,EXPRT,ANAM / 09,30695,4420,,3-3-2020 9:36:05 AM,,,GDSM  GENERAL DEPARTMENT STORE MERCHANDISE,,-18,C,N,,,,,,,,,,,,,,,,,,,,,,,,,
ZCSU2693769,40GP86,,ZIM,VESSEL,,FCL,NGB,V-ANAM09-380414,ZIMUVAN937853,EXPRT,ANAM / 09,28835,3720,,3-6-2020 8:59:55 AM,,,"WOODPULP, BALED-UNITIZED",,,,N,,,,,,,,,,,,,,,,,,,,,,,,,
ZCSU8742520,40GP96,,ZIM,VESSEL,,FCL,NGB,V-ANAM09-580304,ZIMUVAN937853,EXPRT,ANAM / 09,29533,3900,,3-6-2020 11:28:15 AM,,,"WOODPULP, BALED-UNITIZED",,,,N,,,,,,,,,,,,,,,,,,,,,,,,,
GAOU6043757,40GP96,,ZIM,VESSEL,,FCL,NGB,V-ANAM09-580306,ZIMUVAN937853,EXPRT,ANAM / 09,29056,3730,,3-6-2020 11:05:06 AM,,,WODOPULP,,,,N,,,,,,,,,,,,,,,,,,,,,,,,,
TCKU6644383,40GP96,,ZIM,VESSEL,,FCL,NGB,V-ANAM09-580310,ZIMUVAN937853,EXPRT,ANAM / 09,29525,3700,,3-6-2020 10:57:55 AM,,,"WOODPULP, BALED-UNITIZED",,,,N,,,,,,,,,,,,,,,,,,,,,,,,,
TCLU6605018,40GP96,,ZIM,VESSEL,,FCL,NGB,V-ANAM09-580308,ZIMUVAN937853,EXPRT,ANAM / 09,29286,3840,,3-6-2020 11:00:45 AM,,,"WOODPULP, BALED-UNITIZED",,,,N,,,,,,,,,,,,,,,,,,,,,,,,,
BSIU9615003,40GP96,,ZIM,VESSEL,,FCL,NGB,V-ANAM09-580312,ZIMUVAN937853,EXPRT,ANAM / 09,29314,3770,,3-6-2020 10:54:45 AM,,,"WOODPULP, BALED-UNITIZED",,,,N,,,,,,,,,,,,,,,,,,,,,,,,,
ZIMU1168220,20GP86,,ZIM,VESSEL,,FCL,XMN,V-ANAM09-231212,SSPHMTL0084061,EXPRT,ANAM / 09,29513,2350,,3-4-2020 6:12:34 PM,,,"LENTILS, BULK",,,,N,,,,,,,,,,,,,,,,,,,,,,,,,
ZCSU5122790,40RE96,,ZIM,VESSEL,,FCL,XMN,V-ANAM09-380386,ZIMUVAN0081694,EXPRT,ANAM / 09,30800.5,4700,,3-4-2020 11:17:49 AM,,,"PORK, FROZEN",,-18,C,N,,,,,,,,,,,,,,,,,,,,,,,,,
TCNU2475593,40GP96,,ZIM,VESSEL,,FCL,PUS,V-ANAM09-181188,ZIMUVAN937801,EXPRT,ANAM / 09,10769,3700,,3-4-2020 1:21:47 PM,,,"WOODPULP, BALED-UNITIZED",,,,N,,,,,,,,,,,,,,,,,,,,,,,,,
FCIU4242825,20GP86,,ZIM,VESSEL,,FCL,KHH,V-ANAM09-071382,ZIMUMTL904709,EXPRT,ANAM / 09,25460,2180,,3-4-2020 5:04:02 PM,,,KITCHENWARE TABLEWARE & HOUSEHOLD PRODUCTS OF CO,,,,N,,,,,,,,,,,,,,,,,,,,,,,,,
ZCSU5847282,40RE96,,ZIM,VESSEL,,FCL,SHA,V-ANAM09-660410,ZIMUMTL0083986,EXPRT,ANAM / 09,30747.89,4800,,3-3-2020 10:07:38 AM,,,GDSM  GENERAL DEPARTMENT STORE MERCHANDISE,,-18,C,N,,,,,,,,,,,,,,,,,,,,,,,,,
JXLU2719101,40GP86,,ZIM,VESSEL,,FCL,NGB,V-ANAM09-660214,ZIMUVAN937853,EXPRT,ANAM / 09,28742,3720,,3-6-2020 11:42:36 AM,,,"WOODPULP, BALED-UNITIZED",,,,N,,,,,,,,,,,,,,,,,,,,,,,,,
TGBU2601407,20GP86,,ZIM,VESSEL,,FCL,YOK,V-ANAM09-450206,ZIMUMTL904884,EXPRT,ANAM / 09,23672,2100,,3-6-2020 1:12:31 PM,,,BEANS,,,,N,,,,,,,,,,,,,,,,,,,,,,,,,
ZIMU2794378,20GP86,,ZIM,VESSEL,,FCL,SHA,V-ANAM09-110206,ZIMUMTL0083667,EXPRT,ANAM / 09,29720,2350,,3-4-2020 4:58:04 PM,,,FAK OR CARGO NOS,,,,N,,,,,,,,,,,,,,,,,,,,,,,,,
TRHU3265091,20GP86,,ZIM,VESSEL,,FCL,SHA,V-ANAM09-110204,ZIMUMTL0083667,EXPRT,ANAM / 09,29440,2230,,3-4-2020 5:06:26 PM,,,FAK OR CARGO NOS,,,,N,,,,,,,,,,,,,,,,,,,,,,,,,
ZIMU1043937,20GP86,,ZIM,VESSEL,,FCL,XMN,V-ANAM09-051382,ZIMUMTL0083249,EXPRT,ANAM / 09,29680,2260,,3-4-2020 6:21:18 PM,,,"LENTILS, BULK",,,,N,,,,,,,,,,,,,,,,,,,,,,,,,
ZIMU3006439,20GP86,,ZIM,VESSEL,,FCL,SHA,V-ANAM09-090008,ZIMUORF0965482,EXPRT,ANAM / 09,12869.77,2179.96,,2-26-2020 1:37:49 PM,,,,,,,N,,,,,,,,,,,,,,,,,,,,,,,,,
ZIMU3036963,20GP86,,ZIM,VESSEL,,FCL,YOK,V-ANAM09-470004,ZIMUTRT0106494,EXPRT,ANAM / 09,24512,2181,,2-26-2020 9:56:52 PM,,,,,,,N,,,,,,,,,,,,,,,,,,,,,,,,,
CRSU1121364,20GP86,,ZIM,VESSEL,,FCL,YOK,V-ANAM09-450106,ZIMUTRT0106494,EXPRT,ANAM / 09,24652,2350,,2-29-2020 8:40:43 AM,,,,,,,N,,,,,,,,,,,,,,,,,,,,,,,,,
ZCSU5851683,40RE96,,ZIM,VESSEL,,FCL,SHA,V-ANAM09-660412,ZIMUMTL0083987,EXPRT,ANAM / 09,30627.76,4630,,3-3-2020 9:36:29 AM,,,GDSM  GENERAL DEPARTMENT STORE MERCHANDISE,,-18,C,N,,,,,,,,,,,,,,,,,,,,,,,,,
ZIMU1430469,20GP86,,ZIM,VESSEL,,FCL,YOK,V-ANAM09-470202,ZIMUTRT0106494,EXPRT,ANAM / 09,24672,2350,,2-26-2020 7:58:40 PM,,,,,,,N,,,,,,,,,,,,,,,,,,,,,,,,,
BSIU2720157,20GP86,,ZIM,VESSEL,,FCL,YOK,V-ANAM09-450202,ZIMUTRT0106494,EXPRT,ANAM / 09,24612,2350,,2-26-2020 7:56:38 PM,,,,,,,N,,,,,,,,,,,,,,,,,,,,,,,,,
ZIMU1368547,20GP86,,ZIM,VESSEL,,FCL,YOK,V-ANAM09-470204,ZIMUTRT0106494,EXPRT,ANAM / 09,24672,2258,,2-26-2020 7:39:18 PM,,,,,,,N,,,,,,,,,,,,,,,,,,,,,,,,,
TRHU3102176,20GP86,,ZIM,VESSEL,,FCL,YOK,V-ANAM09-470108,ZIMUTRT0106494,EXPRT,ANAM / 09,24512,2350,,2-29-2020 8:12:27 AM,,,,,,,N,,,,,,,,,,,,,,,,,,,,,,,,,
ZIMU3051232,20GP86,,ZIM,VESSEL,,FCL,YOK,V-ANAM09-450006,ZIMUTRT0106494,EXPRT,ANAM / 09,24512,2180,,2-26-2020 9:39:43 PM,,,,,,,N,,,,,,,,,,,,,,,,,,,,,,,,,
TRHU3604261,20GP86,,ZIM,VESSEL,,FCL,XMN,V-ANAM09-230912,ZIMUMTL0083249,EXPRT,ANAM / 09,29710,2350,,3-4-2020 6:44:13 PM,,,"LENTILS, BULK",,,,N,,,,,,,,,,,,,,,,,,,,,,,,,
CAAU5473849,40GP96,,ZIM,VESSEL,,FCL,XMN,V-ANAM09-380288,ZIMUMTL0083881,EXPRT,ANAM / 09,8110.22,4000,,3-1-2020 2:43:02 PM,,,,,,,N,,,,,,,,,,,,,,,,,,,,,,,,,
TGBU2726560,20GP86,,ZIM,VESSEL,,FCL,SHA,V-ANAM09-110004,ZIMUMTL0083667,EXPRT,ANAM / 09,29760,2350,,3-4-2020 8:14:03 PM,,,FAK OR CARGO NOS,,,,N,,,,,,,,,,,,,,,,,,,,,,,,,
CAIU6510683,20GP86,,ZIM,VESSEL,,FCL,KHH,V-ANAM09-071384,ZIMUMTL904709,EXPRT,ANAM / 09,25414,2150,,3-4-2020 5:02:17 PM,,,KITCHENWARE TABLEWARE & HOUSEHOLD PRODUCTS OF CO,,,,N,,,,,,,,,,,,,,,,,,,,,,,,,
ZCSU6533162,40GP96,,ZIM,VESSEL,,FCL,YTN,V-ANAM09-220610,ZIMUVAN0081645,EXPRT,ANAM / 09,27706,3700,,3-4-2020 11:15:50 AM,,,"WOODPULP, BALED-UNITIZED",,,,N,,,,,,,,,,,,,,,,,,,,,,,,,
JXLU5841392,40RE96,,ZIM,VESSEL,,FCL,NGB,V-ANAM09-660108,ZIMUMTL0083709,EXPRT,ANAM / 09,32760,4680,,3-5-2020 11:14:53 AM,,,CUT GREENS,,-18,C,N,,,,,,,,,,,,,,,,,,,,,,,,,
ZCSU5128062,40RE96,,ZIM,VESSEL,,FCL,SHA,V-ANAM09-660406,ZIMUMTL0083992,EXPRT,ANAM / 09,30801.45,4840,,3-3-2020 1:47:29 PM,,,"PORK, FROZEN",,-18,C,N,,,,,,,,,,,,,,,,,,,,,,,,,
ZCSU5124283,40RE96,,ZIM,VESSEL,,FCL,SHA,V-ANAM09-660408,ZIMUMTL0083991,EXPRT,ANAM / 09,30730.77,4700,,3-3-2020 9:03:48 AM,,,"PORK, FROZEN",,-18,C,N,,,,,,,,,,,,,,,,,,,,,,,,,
ZIMU2845412,20GP86,,ZIM,VESSEL,,FCL,SHA,V-ANAM09-110208,ZIMUMTL0083667,EXPRT,ANAM / 09,29790,2350,,3-4-2020 4:54:48 PM,,,FAK OR CARGO NOS,,,,N,,,,,,,,,,,,,,,,,,,,,,,,,
TCNU5502413,40GP96,,ZIM,VESSEL,,FCL,PUS,V-ANAM09-101682,ZIMUVAN937923,EXPRT,ANAM / 09,30405,4000,,3-3-2020 7:11:34 PM,,,,,,,N,,,,,,,,,,,,,,,,,,,,,,,,,
TDRU6733096,40GP96,,ZIM,VESSEL,,FCL,PUS,V-ANAM09-101482,ZIMUVAN937923,EXPRT,ANAM / 09,30432,4000,,3-3-2020 8:05:06 PM,,,,,,,N,,,,,,,,,,,,,,,,,,,,,,,,,
ZCSU5118824,40RE96,,ZIM,VESSEL,,FCL,XMN,V-ANAM09-380986,ZIMUVAN0081757,EXPRT,ANAM / 09,30953.7,4680,,3-4-2020 11:19:12 AM,,,"PORK, FROZEN",,-18,C,N,,,,,,,,,,,,,,,,,,,,,,,,,
TCNU2981605,40GP96,,ZIM,VESSEL,,FCL,XMN,V-ANAM09-380188,ZIMUMTL0083881,EXPRT,ANAM / 09,7516.72,3700,,3-1-2020 1:09:22 PM,,,,,,,N,,,,,,,,,,,,,,,,,,,,,,,,,
BSIU2989568,20GP86,,ZIM,VESSEL,,FCL,YOK,V-ANAM09-470106,ZIMUTRT0106494,EXPRT,ANAM / 09,24452,2350,,2-29-2020 8:32:54 AM,,,,,,,N,,,,,,,,,,,,,,,,,,,,,,,,,
BSIU2558283,20GP86,,ZIM,VESSEL,,FCL,YOK,V-ANAM09-470010,ZIMUTRT0106494,EXPRT,ANAM / 09,24512,2267,,2-26-2020 8:08:28 PM,,,,,,,N,,,,,,,,,,,,,,,,,,,,,,,,,
ZIMU1006532,20GP86,,ZIM,VESSEL,,FCL,YOK,V-ANAM09-470104,ZIMUTRT0106494,EXPRT,ANAM / 09,24672,2350,,2-29-2020 10:03:27 AM,,,,,,,N,,,,,,,,,,,,,,,,,,,,,,,,,
ZCSU5851929,40RE96,,ZIM,VESSEL,,FCL,NGB,V-ANAM09-660210,ZIMUMTL0083996,EXPRT,ANAM / 09,30625.97,4630,,3-3-2020 3:34:44 PM,,,"PORK, FROZEN",,-18,C,N,,,,,,,,,,,,,,,,,,,,,,,,,
ZIMU1017115,20GP86,,ZIM,VESSEL,,FCL,XMN,V-ANAM09-210912,ZIMUMTL0083249,EXPRT,ANAM / 09,29660,2260,,3-4-2020 6:40:04 PM,,,"LENTILS, BULK",,,,N,,,,,,,,,,,,,,,,,,,,,,,,,
ZCSU8460511,40GP96,,ZIM,VESSEL,,FCL,KHH,V-ANAM09-660688,ZIMUORF0962701,EXPRT,ANAM / 09,29154,3950,,3-4-2020 6:37:09 PM,,,CUT GREENS,,,,N,,,,,,,,,,,,,,,,,,,,,,,,,
ZIMU1145348,20GP86,,ZIM,VESSEL,,FCL,SHA,V-ANAM09-110006,ZIMUMTL0083667,EXPRT,ANAM / 09,29710,2350,,3-4-2020 8:00:16 PM,,,FAK OR CARGO NOS,,,,N,,,,,,,,,,,,,,,,,,,,,,,,,
CAIU9387844,40GP96,,ZIM,VESSEL,,FCL,YOK,V-ANAM09-300188,ZIMUORF0961761,EXPRT,ANAM / 09,7400.44,3780,,3-4-2020 2:38:11 PM,,,CHAIR BEDS OR SOFA BEDS,,,,N,,,,,,,,,,,,,,,,,,,,,,,,,
DFSU6299187,40GP96,,ZIM,VESSEL,,FCL,NGB,V-ANAM09-580112,ZIMUVAN937854,EXPRT,ANAM / 09,29580,3800,,3-5-2020 3:39:03 PM,,,"WOODPULP, BALED-UNITIZED",,,,N,,,,,,,,,,,,,,,,,,,,,,,,,
ZCSU5817797,40RE96,,ZIM,VESSEL,,FCL,NGB,V-ANAM09-660012,ZIMUMTL0084030,EXPRT,ANAM / 09,30906,4680,,3-4-2020 11:25:04 AM,,,FAK OR CARGO NOS,,-18,C,N,,,,,,,,,,,,,,,,,,,,,,,,,
SZLU9058201,40RE96,,ZIM,VESSEL,,FCL,NGB,V-ANAM09-660212,ZIMUVAN937763,EXPRT,ANAM / 09,29341,4780,,2-26-2020 2:16:54 PM,,,"PORK, FROZEN",,-20,C,N,,,,,,,,,,,,,,,,,,,,,,,,,
ZCSU5173760,40RE96,,ZIM,VESSEL,,FCL,SHA,V-ANAM09-660306,ZIMUMTL0083990,EXPRT,ANAM / 09,30621.03,4620,,3-2-2020 1:29:13 PM,,,CUTTLEFISH FROZEN DRIED OR SALTED,,-18,C,N,,,,,,,,,,,,,,,,,,,,,,,,,
CAIU4427733,40GP96,,ZIM,VESSEL,,FCL,PUS,V-ANAM09-300810,ZIMUVAN0081039,EXPRT,ANAM / 09,27990,3750,,3-5-2020 9:13:28 AM,,,LUMBER,,,,N,,,,,,,,,,,,,,,,,,,,,,,,,
ZMOU8853345,40RE96,,ZIM,VESSEL,,FCL,YTN,V-ANAM09-380284,ZIMUMTL0083834,EXPRT,ANAM / 09,14354,4330,,2-26-2020 10:38:31 AM,,,GDSM  GENERAL DEPARTMENT STORE MERCHANDISE,,20,C,N,,,,,,,,,,,,,,,,,,,,,,,,,
ZCSU5853351,40RE96,,ZIM,VESSEL,,FCL,XMN,V-ANAM09-380286,ZIMUMTL0084411,EXPRT,ANAM / 09,26499,4630,,3-6-2020 2:02:33 PM,,,"PORK, FROZEN",,-18,C,N,,,,,,,,,,,,,,,,,,,,,,,,,
ZIMU3016524,20GP86,,ZIM,VESSEL,,FCL,PUS,V-ANAM09-290504,ZIMUMTL904753,EXPRT,ANAM / 09,4600,2350,,2-26-2020 7:51:15 PM,,,,,,,N,,,,,,,,,,,,,,,,,,,,,,,,,
ZCSU5124832,40RE96,,ZIM,VESSEL,,FCL,PUS,V-ANAM09-500410,ZIMUVAN0081759,EXPRT,ANAM / 09,31870,4700,,3-4-2020 11:39:03 AM,,,"PORK, FROZEN",,-23,C,N,,,,,,,,,,,,,,,,,,,,,,,,,
CAIU8621562,40GP96,,ZIM,VESSEL,,FCL,SHA,V-ANAM09-100316,ZIMUVAN0081304,EXPRT,ANAM / 09,28018,3860.07,,3-1-2020 8:29:04 AM,,,,,,,N,,,,,,,,,,,,,,,,,,,,,,,,,
ZIMU1390480,20GP86,,ZIM,VESSEL,,FCL,SHA,V-ANAM09-090004,ZIMUMTL0083667,EXPRT,ANAM / 09,29730,2260,,3-4-2020 8:02:52 PM,,,FAK OR CARGO NOS,,,,N,,,,,,,,,,,,,,,,,,,,,,,,,
FSCU8249792,40GP96,,ZIM,VESSEL,,FCL,XMN,V-ANAM09-380088,ZIMUMTL0083881,EXPRT,ANAM / 09,8298,3830,,2-26-2020 10:09:48 PM,,,,,,,N,,,,,,,,,,,,,,,,,,,,,,,,,
SEGU2160054,20GP86,,ZIM,VESSEL,,FCL,NGB,V-ANAM09-390302,ZIMUMTL0083594,EXPRT,ANAM / 09,23810,2350,,2-24-2020 10:37:04 PM,,,,,,,N,,,,,,,,,,,,,,,,,,,,,,,,,
DRYU9170084,40GP96,,ZIM,VESSEL,,FCL,PUS,V-ANAM09-300710,ZIMUVAN0081226,EXPRT,ANAM / 09,30280,3820,,3-4-2020 11:06:17 PM,,,METAL SCRAP,,,,N,,,,,,,,,,,,,,,,,,,,,,,,,
ZCSU8841626,40GP96,,ZIM,VESSEL,,FCL,PUS,V-ANAM09-100510,ZIMUVAN0081609,EXPRT,ANAM / 09,26376,3900,,3-4-2020 11:02:51 AM,,,LUMBER,,,,N,,,,,,,,,,,,,,,,,,,,,,,,,
ZIMU1382503,20GP86,,ZIM,VESSEL,,FCL,SHA,V-ANAM09-090002,ZIMUMTL0083667,EXPRT,ANAM / 09,29740,2350,,3-4-2020 8:21:40 PM,,,FAK OR CARGO NOS,,,,N,,,,,,,,,,,,,,,,,,,,,,,,,
DFSU6486228,40GP96,,ZIM,VESSEL,,FCL,PUS,V-ANAM09-301004,ZIMUVAN0081226,EXPRT,ANAM / 09,30110,4000,,3-4-2020 7:00:28 PM,,,METAL SCRAP,,,,N,,,,,,,,,,,,,,,,,,,,,,,,,
TGBU7242399,40GP96,,ZIM,VESSEL,,FCL,PUS,V-ANAM09-300812,ZIMUVAN0081226,EXPRT,ANAM / 09,30160,3700,,3-4-2020 9:45:54 PM,,,METAL SCRAP,,,,N,,,,,,,,,,,,,,,,,,,,,,,,,
TCNU2753272,40GP96,,ZIM,VESSEL,,FCL,PUS,V-ANAM09-300816,ZIMUVAN0081226,EXPRT,ANAM / 09,30120,3700,,3-4-2020 7:09:03 PM,,,METAL SCRAP,,,,N,,,,,,,,,,,,,,,,,,,,,,,,,
ZCSU8524895,40GP96,,ZIM,VESSEL,,FCL,PUS,V-ANAM09-300814,ZIMUVAN0081226,EXPRT,ANAM / 09,30390,4000,,3-4-2020 7:11:45 PM,,,METAL SCRAP,,,,N,,,,,,,,,,,,,,,,,,,,,,,,,
TRHU2668831,20GP86,,ZIM,VESSEL,,FCL,NGB,V-ANAM09-390306,ZIMUMTL0083594,EXPRT,ANAM / 09,23870,2350,,2-24-2020 11:09:26 PM,,,,,,,N,,,,,,,,,,,,,,,,,,,,,,,,,
ZIMU1148959,20GP86,,ZIM,VESSEL,,FCL,PUS,V-ANAM09-310504,ZIMUMTL904628,EXPRT,ANAM / 09,29132,2260,,3-5-2020 10:15:51 AM,,,"LENTILS, BULK",,,,N,,,,,,,,,,,,,,,,,,,,,,,,,
TEMU4806073,20GP86,,ZIM,VESSEL,,FCL,PUS,V-ANAM09-310802,ZIMUMTL904628,EXPRT,ANAM / 09,29222,2200,,3-5-2020 10:46:39 AM,,,"LENTILS, BULK",,,,N,,,,,,,,,,,,,,,,,,,,,,,,,
ZIMU2534299,20GP86,,ZIM,VESSEL,,FCL,PUS,V-ANAM09-310702,ZIMUMTL904628,EXPRT,ANAM / 09,29082,2270,,3-5-2020 10:02:44 AM,,,"LENTILS, BULK",,,,N,,,,,,,,,,,,,,,,,,,,,,,,,
GLDU5144887,20GP86,,ZIM,VESSEL,,FCL,PUS,V-ANAM09-310804,ZIMUMTL904628,EXPRT,ANAM / 09,29493,2230,,3-5-2020 10:18:54 AM,,,"LENTILS, BULK",,,,N,,,,,,,,,,,,,,,,,,,,,,,,,
TEMU1872282,20GP86,,ZIM,VESSEL,,FCL,PUS,V-ANAM09-310704,ZIMUVAN0081590,EXPRT,ANAM / 09,22565,2350,,2-29-2020 10:01:10 AM,,,,,,,N,,,,,,,,,,,,,,,,,,,,,,,,,
TGBU2018576,20GP86,,ZIM,VESSEL,,FCL,PUS,V-ANAM09-290704,ZIMUVAN0081602,EXPRT,ANAM / 09,22585,2267,,2-29-2020 8:39:53 AM,,,,,,,N,,,,,,,,,,,,,,,,,,,,,,,,,
TCNU4576052,40GP96,,ZIM,VESSEL,,FCL,PUS,V-ANAM09-100916,ZIMUVAN0081607,EXPRT,ANAM / 09,26892,3900,,3-4-2020 11:34:07 AM,,,LUMBER,,,,N,,,,,,,,,,,,,,,,,,,,,,,,,
FSCU8258496,40GP96,,ZIM,VESSEL,,FCL,PUS,V-ANAM09-500190,ZIMUORF0963143,EXPRT,ANAM / 09,7093.18,3830.13,,2-26-2020 5:25:05 PM,,,,,,,N,,,,,,,,,,,,,,,,,,,,,,,,,
SEGU5428480,40GP96,,ZIM,VESSEL,,FCL,SHA,V-ANAM09-100110,ZIMUVAN0081312,EXPRT,ANAM / 09,23896,3830,,3-1-2020 12:35:39 PM,,,,,,,N,,,,,,,,,,,,,,,,,,,,,,,,,
CAIU4355850,40GP96,,ZIM,VESSEL,,FCL,SHA,V-ANAM09-100214,ZIMUVAN0081304,EXPRT,ANAM / 09,27908,3642.35,,3-1-2020 10:09:37 AM,,,,,,,N,,,,,,,,,,,,,,,,,,,,,,,,,
BSIU2793132,20GP86,,ZIM,VESSEL,,FCL,SHA,V-ANAM09-110384,ZIMUORF0960985,EXPRT,ANAM / 09,18713.39,2130.07,,2-29-2020 2:47:53 PM,,,,,,,N,,,,,,,,,,,,,,,,,,,,,,,,,
ZIMU1147968,20GP86,,ZIM,VESSEL,,FCL,NGB,V-ANAM09-390406,SSPHVAN0081509,EXPRT,ANAM / 09,29322,2260,,3-5-2020 3:08:40 PM,,,CHICK PEAS,,,,N,,,,,,,,,,,,,,,,,,,,,,,,,
TEMU1872132,20GP86,,ZIM,VESSEL,,FCL,NGB,V-ANAM09-390404,SSPHVAN0081509,EXPRT,ANAM / 09,29192,2100,,3-5-2020 3:22:25 PM,,,CHICK PEAS,,,,N,,,,,,,,,,,,,,,,,,,,,,,,,
ZIMU1292138,20GP86,,ZIM,VESSEL,,FCL,NGB,V-ANAM09-370404,SSPHVAN0081509,EXPRT,ANAM / 09,29373,2220,,3-5-2020 2:46:49 PM,,,CHICK PEAS,,,,N,,,,,,,,,,,,,,,,,,,,,,,,,
ZIMU1047927,20GP86,,ZIM,VESSEL,,FCL,NGB,V-ANAM09-370406,SSPHVAN0081509,EXPRT,ANAM / 09,29533,2260,,3-5-2020 3:14:40 PM,,,CHICK PEAS,,,,N,,,,,,,,,,,,,,,,,,,,,,,,,
ZIMU1053581,20GP86,,ZIM,VESSEL,,FCL,NGB,V-ANAM09-390304,SSPHVAN0081509,EXPRT,ANAM / 09,29443,2260,,3-5-2020 3:31:31 PM,,,CHICK PEAS,,,,N,,,,,,,,,,,,,,,,,,,,,,,,,
ZCSU7063612,40GP96,,ZIM,VESSEL,,FCL,YOK,V-ANAM09-460016,ZIMUMTL0083763,EXPRT,ANAM / 09,30366,4000,,2-20-2020 3:53:26 PM,,,,,,,N,,,,,,,,,,,,,,,,,,,,,,,,,
ZIMU1009887,20GP86,,ZIM,VESSEL,,FCL,NGB,V-ANAM09-370302,ZIMUMTL0083594,EXPRT,ANAM / 09,23870,2350,,2-24-2020 11:36:38 PM,,,,,,,N,,,,,,,,,,,,,,,,,,,,,,,,,
ZIMU1031535,20GP86,,ZIM,VESSEL,,FCL,YOK,V-ANAM09-470206,ZIMUMTL0083808,EXPRT,ANAM / 09,23860,2350,,2-22-2020 4:59:30 PM,,,,,,,N,,,,,,,,,,,,,,,,,,,,,,,,,
ZIMU1172066,20GP86,,ZIM,VESSEL,,FCL,NGB,V-ANAM09-370306,ZIMUMTL0083594,EXPRT,ANAM / 09,23910,2350,,2-24-2020 10:46:21 PM,,,,,,,N,,,,,,,,,,,,,,,,,,,,,,,,,
ZCSU7046322,40GP96,,ZIM,VESSEL,,FCL,YOK,V-ANAM09-460014,ZIMUMTL0083763,EXPRT,ANAM / 09,30366,4000,,2-20-2020 3:33:29 PM,,,,,,,N,,,,,,,,,,,,,,,,,,,,,,,,,
GCXU5083572,40GP96,,ZIM,VESSEL,,FCL,YOK,V-ANAM09-460210,ZIMUMTL0083763,EXPRT,ANAM / 09,30166,3700,,2-20-2020 3:13:47 PM,,,,,,,N,,,,,,,,,,,,,,,,,,,,,,,,,
CLHU2762521,20GP86,,ZIM,VESSEL,,FCL,YOK,V-ANAM09-450102,ZIMUVAN0081151,EXPRT,ANAM / 09,24612,2267,,2-29-2020 12:34:19 PM,,,AGRICULTURAL PRODUCT,,,,N,,,,,,,,,,,,,,,,,,,,,,,,,
CRSU9019765,40GP96,,ZIM,VESSEL,,FCL,YTN,V-ANAM09-220612,ZIMUVAN0081194,EXPRT,ANAM / 09,30074,3900,,3-4-2020 11:10:52 AM,,,"WOODPULP, BALED-UNITIZED",,,,N,,,,,,,,,,,,,,,,,,,,,,,,,
EURU1142294,20TD86,,ZIM,VESSEL,,FCL,PUS,V-ANAM09-110484,ZIMUTRT0106909,EXPRT,ANAM / 09,4115,2350,,2-20-2020 3:03:44 PM,,,,,,,N,,,,,,,,,,,,,,,,,,,,,,,,,
EURU1142041,20TD86,,ZIM,VESSEL,,FCL,PUS,V-ANAM09-071184,ZIMUTRT0106909,EXPRT,ANAM / 09,4425,2350,,2-22-2020 8:03:52 AM,,,,,,,N,,,,,,,,,,,,,,,,,,,,,,,,,
ZCSU5114095,40RE96,,ZIM,VESSEL,,FCL,NGB,V-ANAM09-660206,ZIMUMTL0083704,EXPRT,ANAM / 09,32760,4680,,3-6-2020 10:42:10 AM,,,"PORK, FROZEN",,-18,C,N,,,,,,,,,,,,,,,,,,,,,,,,,
ZIMU1414977,20GP86,,ZIM,VESSEL,,FCL,YOK,V-ANAM09-470006,ZIMUVAN0081151,EXPRT,ANAM / 09,24672,2350,,2-26-2020 9:41:32 PM,,,AGRICULTURAL PRODUCT,,,,N,,,,,,,,,,,,,,,,,,,,,,,,,
TGCU5076538,40GP96,,ZIM,VESSEL,,FCL,PUS,V-ANAM09-300908,ZIMUVAN0081039,EXPRT,ANAM / 09,27435,3770,,3-5-2020 8:51:27 AM,,,LUMBER,,,,N,,,,,,,,,,,,,,,,,,,,,,,,,
TCNU1826522,40GP96,,ZIM,VESSEL,,FCL,PUS,V-ANAM09-181488,ZIMUORF0964813,EXPRT,ANAM / 09,5863.2,4000,,2-29-2020 2:10:07 PM,,,,,,,N,,,,,,,,,,,,,,,,,,,,,,,,,
TEMU4805138,20GP86,,ZIM,VESSEL,,FCL,YOK,V-ANAM09-470008,ZIMUVAN0081151,EXPRT,ANAM / 09,24552,2267,,2-26-2020 9:11:35 PM,,,AGRICULTURAL PRODUCT,,,,N,,,,,,,,,,,,,,,,,,,,,,,,,
ZIMU1386200,20GP86,,ZIM,VESSEL,,FCL,YOK,V-ANAM09-450010,ZIMUVAN0081151,EXPRT,ANAM / 09,24672,2258,,2-26-2020 8:04:40 PM,,,AGRICULTURAL PRODUCT,,,,N,,,,,,,,,,,,,,,,,,,,,,,,,
TRHU3229685,20GP86,,ZIM,VESSEL,,FCL,YOK,V-ANAM09-450008,ZIMUVAN0081151,EXPRT,ANAM / 09,24512,2350,,2-26-2020 8:11:55 PM,,,AGRICULTURAL PRODUCT,,,,N,,,,,,,,,,,,,,,,,,,,,,,,,
ZIMU2950911,20GP86,,ZIM,VESSEL,,FCL,YOK,V-ANAM09-450108,ZIMUVAN0081151,EXPRT,ANAM / 09,24652,2250,,2-26-2020 11:12:53 PM,,,AGRICULTURAL PRODUCT,,,,N,,,,,,,,,,,,,,,,,,,,,,,,,
DFSU1611420,20GP86,,ZIM,VESSEL,,FCL,YOK,V-ANAM09-450002,ZIMUVAN0081151,EXPRT,ANAM / 09,24472,2350,,2-26-2020 10:33:54 PM,,,AGRICULTURAL PRODUCT,,,,N,,,,,,,,,,,,,,,,,,,,,,,,,
ZIMU2783162,20GP86,,ZIM,VESSEL,,FCL,YOK,V-ANAM09-470002,ZIMUVAN0081151,EXPRT,ANAM / 09,24592,2350,,2-26-2020 11:20:55 PM,,,AGRICULTURAL PRODUCT,,,,N,,,,,,,,,,,,,,,,,,,,,,,,,
ZCSU5109761,40RE96,,ZIM,VESSEL,,FCL,NGB,V-ANAM09-660008,ZIMUVAN0081319,EXPRT,ANAM / 09,28717.47,4680,,3-4-2020 6:56:45 PM,,,FAK OR CARGO NOS,,-18,C,N,,,,,,,,,,,,,,,,,,,,,,,,,
TCNU5722090,40GP96,,ZIM,VESSEL,,FCL,SHA,V-ANAM09-380788,ZIMUVAN937896,EXPRT,ANAM / 09,23875,3900,,3-4-2020 10:16:10 AM,,,"FABA BEANS, BULK",,,,N,,,,,,,,,,,,,,,,,,,,,,,,,
CAXU6953195,20GP86,,ZIM,VESSEL,,FCL,YOK,V-ANAM09-450104,ZIMUVAN0081151,EXPRT,ANAM / 09,24552,2350,,2-29-2020 8:38:01 AM,,,AGRICULTURAL PRODUCT,,,,N,,,,,,,,,,,,,,,,,,,,,,,,,
ZMOU8827198,40RE96,,ZIM,VESSEL,,FCL,NGB,V-ANAM09-660006,ZIMUVAN0081319,EXPRT,ANAM / 09,28581.67,4600,,3-4-2020 7:00:09 PM,,,FAK OR CARGO NOS,,-18,C,N,,,,,,,,,,,,,,,,,,,,,,,,,
ZCSU5837900,40RE96,,ZIM,VESSEL,,FCL,NGB,V-ANAM09-660106,ZIMUVAN0081795,EXPRT,ANAM / 09,23790,4740,,3-5-2020 2:56:02 PM,,,"PORK, FROZEN",,-18,C,N,,,,,,,,,,,,,,,,,,,,,,,,,
JXLU5840694,40RE96,,ZIM,VESSEL,,FCL,NGB,V-ANAM09-660010,ZIMUVAN0081320,EXPRT,ANAM / 09,28500.65,4680,,3-4-2020 4:13:52 PM,,,FAK OR CARGO NOS,,-18,C,N,,,,,,,,,,,,,,,,,,,,,,,,,
TCNU5325350,40GP96,,ZIM,VESSEL,,FCL,PUS,V-ANAM09-301314,ZIMUVAN0081169,EXPRT,ANAM / 09,27999,3900,,3-5-2020 9:56:41 AM,,,LUMBER,,,,N,,,,,,,,,,,,,,,,,,,,,,,,,
EURU1142083,20TD86,,ZIM,VESSEL,,FCL,PUS,V-ANAM09-071186,ZIMUTRT0106909,EXPRT,ANAM / 09,4810,2350,,2-20-2020 3:09:04 PM,,,,,,,N,,,,,,,,,,,,,,,,,,,,,,,,,
ZCSU8594207,40GP96,,ZIM,VESSEL,,FCL,PUS,V-ANAM09-300712,ZIMUVAN0081039,EXPRT,ANAM / 09,27740,3950,,3-4-2020 3:54:16 PM,,,LUMBER,,,,N,,,,,,,,,,,,,,,,,,,,,,,,,
ZCSU8213363,40GP96,,ZIM,VESSEL,,FCL,YTN,V-ANAM09-580182,ZIMUVAN0081645,EXPRT,ANAM / 09,27735,3890,,3-4-2020 3:38:09 PM,,,"WOODPULP, BALED-UNITIZED",,,,N,,,,,,,,,,,,,,,,,,,,,,,,,
ZIMU3005664,20GP86,,ZIM,VESSEL,,FCL,NGB,V-ANAM09-370402,SSPHVAN0081509,EXPRT,ANAM / 09,29393,2180,,3-5-2020 2:38:54 PM,,,CHICK PEAS,,,,N,,,,,,,,,,,,,,,,,,,,,,,,,
TRIU8199648,40RE96,,ZIM,VESSEL,,FCL,KHH,V-ANAM09-660182,ZIMUMTL0084120,EXPRT,ANAM / 09,33980,4750,,3-5-2020 3:19:06 PM,,,"PORK, FROZEN",,-18,C,N,,,,,,,,,,,,,,,,,,,,,,,,,
ZIMU1379156,20GP86,,ZIM,VESSEL,,FCL,PUS,V-ANAM09-290702,ZIMUVAN0081603,EXPRT,ANAM / 09,22705,2258,,3-1-2020 3:39:08 PM,,,,,,,N,,,,,,,,,,,,,,,,,,,,,,,,,
FSCU6733621,40GP96,,ZIM,VESSEL,,FCL,YTN,V-ANAM09-580482,ZIMUVAN0081645,EXPRT,ANAM / 09,27815,3900,,3-5-2020 9:53:21 AM,,,"WOODPULP, BALED-UNITIZED",,,,N,,,,,,,,,,,,,,,,,,,,,,,,,
ZCSU8765758,40GP96,,ZIM,VESSEL,,FCL,KHH,V-ANAM09-661088,ZIMUORF0962701,EXPRT,ANAM / 09,29104,3900,,3-5-2020 10:31:14 AM,,,CUT GREENS,,,,N,,,,,,,,,,,,,,,,,,,,,,,,,
TCNU6879551,40GP96,,ZIM,VESSEL,,FCL,KHH,V-ANAM09-660188,ZIMUORF0962701,EXPRT,ANAM / 09,28889.7,3840,,3-4-2020 3:22:44 PM,,,CUT GREENS,,,,N,,,,,,,,,,,,,,,,,,,,,,,,,
TCNU8934616,40GP96,,ZIM,VESSEL,,FCL,PUS,V-ANAM09-101684,ZIMUVAN0081168,EXPRT,ANAM / 09,25895,3900,,3-4-2020 3:37:59 PM,,,LUMBER,,,,N,,,,,,,,,,,,,,,,,,,,,,,,,
BSIU9767644,40GP96,,ZIM,VESSEL,,FCL,KHH,V-ANAM09-660288,ZIMUORF0962701,EXPRT,ANAM / 09,28994,3790,,3-4-2020 3:33:14 PM,,,CUT GREENS,,,,N,,,,,,,,,,,,,,,,,,,,,,,,,
ZCSU5850115,40RE96,,ZIM,VESSEL,,FCL,NGB,V-ANAM09-660110,ZIMUMTL0084226,EXPRT,ANAM / 09,31460,4680,,3-5-2020 10:41:08 AM,,,"PORK, FROZEN",,-18,C,N,,,,,,,,,,,,,,,,,,,,,,,,,
CRSU1107160,20GP86,,ZIM,VESSEL,,FCL,XMN,V-ANAM09-230910,ZIMUMTL0083980,EXPRT,ANAM / 09,29252,2230,,3-5-2020 10:56:08 AM,,,"LENTILS, BULK",,,,N,,,,,,,,,,,,,,,,,,,,,,,,,
WFHU5182545,40GP96,,ZIM,VESSEL,,FCL,PUS,V-ANAM09-300706,ZIMUVAN0081039,EXPRT,ANAM / 09,27970,3850,,3-5-2020 8:34:40 AM,,,LUMBER,,,,N,,,,,,,,,,,,,,,,,,,,,,,,,
EURU1145992,20TD86,,ZIM,VESSEL,,FCL,PUS,V-ANAM09-110482,ZIMUTRT0106909,EXPRT,ANAM / 09,4300,2350,,2-20-2020 3:11:14 PM,,,,,,,N,,,,,,,,,,,,,,,,,,,,,,,,,
EURU1142015,20TD86,,ZIM,VESSEL,,FCL,PUS,V-ANAM09-051186,ZIMUTRT0106909,EXPRT,ANAM / 09,4420,2350,,2-20-2020 3:06:17 PM,,,,,,,N,,,,,,,,,,,,,,,,,,,,,,,,,
JXLU5964627,40RE96,,ZIM,VESSEL,,FCL,PUS,V-ANAM09-500406,ZIMUMTL0083649,EXPRT,ANAM / 09,30835,4810,,2-26-2020 1:29:04 PM,,,FAK OR CARGO NOS,,-18,C,N,,,,,,,,,,,,,,,,,,,,,,,,,
SZLU9061972,40RE96,,ZIM,VESSEL,,FCL,YTN,V-ANAM09-380082,ZIMUMTL0083473,EXPRT,ANAM / 09,30775,4750,,2-26-2020 10:57:20 AM,,,FAK OR CARGO NOS,,-18,C,N,,,,,,,,,,,,,,,,,,,,,,,,,
GAOU6107002,40GP96,,ZIM,VESSEL,,FCL,PUS,V-ANAM09-300914,ZIMUVAN0081188,EXPRT,ANAM / 09,27273,3700,,3-5-2020 8:43:45 AM,,,"WOODPULP, BALED-UNITIZED",,,,N,,,,,,,,,,,,,,,,,,,,,,,,,
ZCSU5119590,40RE96,,ZIM,VESSEL,,FCL,PUS,V-ANAM09-500312,ZIMUMTL0083651,EXPRT,ANAM / 09,30705,4000,,2-26-2020 10:21:39 AM,,,FAK OR CARGO NOS,,-18,C,N,,,,,,,,,,,,,,,,,,,,,,,,,
ZMOU8823926,40RE96,,ZIM,VESSEL,,FCL,YTN,V-ANAM09-380182,ZIMUMTL0083474,EXPRT,ANAM / 09,30587.5,4600,,2-26-2020 10:41:13 AM,,,FAK OR CARGO NOS,,-18,C,N,,,,,,,,,,,,,,,,,,,,,,,,,
EURU1143623,20TD86,,ZIM,VESSEL,,FCL,PUS,V-ANAM09-071182,ZIMUTRT0106909,EXPRT,ANAM / 09,4595,2350,,2-20-2020 3:28:41 PM,,,,,,,N,,,,,,,,,,,,,,,,,,,,,,,,,
ZCSU6501735,40GP96,,ZIM,VESSEL,,FCL,YTN,V-ANAM09-580384,ZIMUVAN0081645,EXPRT,ANAM / 09,27736,3730,,3-5-2020 8:30:09 AM,,,"WOODPULP, BALED-UNITIZED",,,,N,,,,,,,,,,,,,,,,,,,,,,,,,
TCNU4253743,40GP96,,ZIM,VESSEL,,FCL,PUS,V-ANAM09-301204,ZIMUVAN0081607,EXPRT,ANAM / 09,26920,3900,,3-4-2020 3:31:05 PM,,,LUMBER,,,,N,,,,,,,,,,,,,,,,,,,,,,,,,
TCNU4856834,40GP96,,ZIM,VESSEL,,FCL,PUS,V-ANAM09-500216,ZIMUVAN0081168,EXPRT,ANAM / 09,24790,3840,,3-4-2020 3:43:17 PM,,,LUMBER,,,,N,,,,,,,,,,,,,,,,,,,,,,,,,
GCXU5070003,40GP96,,ZIM,VESSEL,,FCL,PUS,V-ANAM09-300916,ZIMUVAN0081188,EXPRT,ANAM / 09,27200,3200,,3-5-2020 8:42:01 AM,,,"WOODPULP, BALED-UNITIZED",,,,N,,,,,,,,,,,,,,,,,,,,,,,,,
ZCSU5851209,40RE96,,ZIM,VESSEL,,FCL,SHA,V-ANAM09-660312,ZIMUMTL0083007,EXPRT,ANAM / 09,31233.69,4000,,2-26-2020 10:07:31 AM,,,GDSM  GENERAL DEPARTMENT STORE MERCHANDISE,,-18,C,N,,,,,,,,,,,,,,,,,,,,,,,,,
ZCSU5124724,40RE96,,ZIM,VESSEL,,FCL,SHA,V-ANAM09-660308,ZIMUMTL0083698,EXPRT,ANAM / 09,30586.04,4700,,2-26-2020 11:50:51 AM,,,"PORK, FROZEN",,-18,C,N,,,,,,,,,,,,,,,,,,,,,,,,,
TCNU1060587,40GP96,,ZIM,VESSEL,,FCL,PUS,V-ANAM09-300912,ZIMUVAN0081188,EXPRT,ANAM / 09,27273,3700,,3-5-2020 8:46:23 AM,,,"WOODPULP, BALED-UNITIZED",,,,N,,,,,,,,,,,,,,,,,,,,,,,,,
ZCSU8473885,40GP96,,ZIM,VESSEL,,FCL,PUS,V-ANAM09-300906,ZIMUVAN0081039,EXPRT,ANAM / 09,28960,3900,,3-5-2020 9:04:03 AM,,,LUMBER,,,,N,,,,,,,,,,,,,,,,,,,,,,,,,
FSCU8148776,40GP96,,ZIM,VESSEL,,FCL,PUS,V-ANAM09-301114,ZIMUVAN0081039,EXPRT,ANAM / 09,28640,3830,,3-5-2020 9:27:17 AM,,,LUMBER,,,,N,,,,,,,,,,,,,,,,,,,,,,,,,
CRSU9076702,40GP96,,ZIM,VESSEL,,FCL,PUS,V-ANAM09-301110,ZIMUVAN0081199,EXPRT,ANAM / 09,29070,3900,,3-5-2020 9:42:33 AM,,,LUMBER,,,,N,,,,,,,,,,,,,,,,,,,,,,,,,
TGBU5483490,40GP96,,ZIM,VESSEL,,FCL,PUS,V-ANAM09-301316,ZIMUVAN0081188,EXPRT,ANAM / 09,27373,3700,,3-5-2020 9:50:05 AM,,,"WOODPULP, BALED-UNITIZED",,,,N,,,,,,,,,,,,,,,,,,,,,,,,,
ZCSU8865994,40GP96,,ZIM,VESSEL,,FCL,PUS,V-ANAM09-300910,ZIMUVAN0081039,EXPRT,ANAM / 09,27140,3860,,3-5-2020 8:49:11 AM,,,LUMBER,,,,N,,,,,,,,,,,,,,,,,,,,,,,,,
FCIU8691573,40GP96,,ZIM,VESSEL,,FCL,YTN,V-ANAM09-580184,ZIMUVAN0081645,EXPRT,ANAM / 09,28150,3900,,3-5-2020 8:53:40 AM,,,"WOODPULP, BALED-UNITIZED",,,,N,,,,,,,,,,,,,,,,,,,,,,,,,
TCNU8930565,40GP96,,ZIM,VESSEL,,FCL,PUS,V-ANAM09-300708,ZIMUVAN0081188,EXPRT,ANAM / 09,27426,3900,,3-5-2020 8:33:26 AM,,,"WOODPULP, BALED-UNITIZED",,,,N,,,,,,,,,,,,,,,,,,,,,,,,,
ZMOU8814919,40RE96,,ZIM,VESSEL,,FCL,PUS,V-ANAM09-500306,ZIMUHFX0024798,EXPRT,ANAM / 09,25851,4590,,3-6-2020 11:18:14 AM,,,"PORK, FROZEN",,-18,C,N,,,,,,,,,,,,,,,,,,,,,,,,,
ZMOU8835927,40RE96,,ZIM,VESSEL,,FCL,PUS,V-ANAM09-500002,ZIMUHFX0024798,EXPRT,ANAM / 09,25681,4420,,3-6-2020 8:47:10 AM,,,"PORK, FROZEN",,-18,C,N,,,,,,,,,,,,,,,,,,,,,,,,,
SZLU9062752,40RE96,,ZIM,VESSEL,,FCL,PUS,V-ANAM09-500110,ZIMUHFX0024798,EXPRT,ANAM / 09,26011,4750,,3-6-2020 9:23:28 AM,,,"PORK, FROZEN",,-18,C,N,,,,,,,,,,,,,,,,,,,,,,,,,
ZCSU5833226,40RE96,,ZIM,VESSEL,,FCL,PUS,V-ANAM09-500308,ZIMUMTL0083654,EXPRT,ANAM / 09,30765,4740,,2-26-2020 10:43:12 AM,,,CUTTLEFISH FROZEN DRIED OR SALTED,,-18,C,N,,,,,,,,,,,,,,,,,,,,,,,,,
TCNU5646848,40GP96,,ZIM,VESSEL,,FCL,NGB,V-ANAM09-580002,ZIMUVAN937854,EXPRT,ANAM / 09,29880,3900,,3-5-2020 3:03:19 PM,,,"WOODPULP, BALED-UNITIZED",,,,N,,,,,,,,,,,,,,,,,,,,,,,,,
ZCSU8923658,40GP96,,ZIM,VESSEL,,FCL,PUS,V-ANAM09-301108,ZIMUVAN0081199,EXPRT,ANAM / 09,29200,3900,,3-5-2020 9:44:19 AM,,,LUMBER,,,,N,,,,,,,,,,,,,,,,,,,,,,,,,
ZCSU7100465,40GP96,,ZIM,VESSEL,,FCL,YTN,V-ANAM09-580284,ZIMUVAN0081645,EXPRT,ANAM / 09,27537,3900,,3-5-2020 9:53:43 AM,,,"WOODPULP, BALED-UNITIZED",,,,N,,,,,,,,,,,,,,,,,,,,,,,,,
TLLU4441422,40GP96,,ZIM,VESSEL,,FCL,KHH,V-ANAM09-660314,ZIMUORF0962701,EXPRT,ANAM / 09,28904,3700,,3-5-2020 10:23:53 AM,,,CUT GREENS,,,,N,,,,,,,,,,,,,,,,,,,,,,,,,
GAOU6046268,40GP96,,ZIM,VESSEL,,FCL,PUS,V-ANAM09-301106,ZIMUVAN0081607,EXPRT,ANAM / 09,26418,3730,,3-5-2020 9:45:21 AM,,,LUMBER,,,,N,,,,,,,,,,,,,,,,,,,,,,,,,
ZCSU5859745,40RE96,,ZIM,VESSEL,,FCL,PUS,V-ANAM09-500304,ZIMUHFX0024798,EXPRT,ANAM / 09,25921,4660,,3-6-2020 12:51:07 PM,,,"PORK, FROZEN",,-18,C,N,,,,,,,,,,,,,,,,,,,,,,,,,
ZMOU8835418,40RE96,,ZIM,VESSEL,,FCL,YTN,V-ANAM09-380484,ZIMUMTL0083662,EXPRT,ANAM / 09,30407.5,4420,,2-26-2020 1:38:04 PM,,,FAK OR CARGO NOS,,-18,C,N,,,,,,,,,,,,,,,,,,,,,,,,,
ZCSU5845377,40RE96,,ZIM,VESSEL,,FCL,PUS,V-ANAM09-500112,ZIMUHFX0024798,EXPRT,ANAM / 09,25941,4680,,3-6-2020 9:21:38 AM,,,"PORK, FROZEN",,-18,C,N,,,,,,,,,,,,,,,,,,,,,,,,,
ZCSU6538478,40GP96,,ZIM,VESSEL,,FCL,YTN,V-ANAM09-580382,ZIMUVAN0081645,EXPRT,ANAM / 09,27615,3700,,3-4-2020 3:32:13 PM,,,"WOODPULP, BALED-UNITIZED",,,,N,,,,,,,,,,,,,,,,,,,,,,,,,
GAOU6434983,40GP96,,ZIM,VESSEL,,FCL,PUS,V-ANAM09-500388,ZIMUVAN937825,EXPRT,ANAM / 09,24218,4000,,3-1-2020 5:15:14 PM,,,,,,,N,,,,,,,,,,,,,,,,,,,,,,,,,
FSCU8224496,40GP96,,ZIM,VESSEL,,FCL,SHA,V-ANAM09-100112,ZIMUVAN0081292,EXPRT,ANAM / 09,29280,4000,,3-1-2020 2:34:56 PM,,,,,,,N,,,,,,,,,,,,,,,,,,,,,,,,,
CRSU9049076,40GP96,,ZIM,VESSEL,,FCL,SHA,V-ANAM09-100410,ZIMUVAN0081292,EXPRT,ANAM / 09,29350,3900.89,,3-1-2020 9:39:49 AM,,,,,,,N,,,,,,,,,,,,,,,,,,,,,,,,,
ZCSU8535565,40GP96,,ZIM,VESSEL,,FCL,SHA,V-ANAM09-100012,ZIMUVAN0081292,EXPRT,ANAM / 09,29370,3950.79,,3-1-2020 11:04:06 AM,,,,,,,N,,,,,,,,,,,,,,,,,,,,,,,,,
CAIU4426790,40GP96,,ZIM,VESSEL,,FCL,SHA,V-ANAM09-100014,ZIMUVAN0081292,EXPRT,ANAM / 09,29200,4000,,3-1-2020 11:01:44 AM,,,,,,,N,,,,,,,,,,,,,,,,,,,,,,,,,
TGBU5760830,40GP96,,ZIM,VESSEL,,FCL,SHA,V-ANAM09-100412,ZIMUVAN0081292,EXPRT,ANAM / 09,29150,4000,,3-1-2020 9:17:19 AM,,,,,,,N,,,,,,,,,,,,,,,,,,,,,,,,,
FSCU8155203,40GP96,,ZIM,VESSEL,,FCL,SHA,V-ANAM09-100212,ZIMUVAN0081292,EXPRT,ANAM / 09,29280,4000,,3-1-2020 9:43:31 AM,,,,,,,N,,,,,,,,,,,,,,,,,,,,,,,,,
TGBU7158842,40GP96,,ZIM,VESSEL,,FCL,SHA,V-ANAM09-100216,ZIMUVAN0081292,EXPRT,ANAM / 09,29150,4000,,3-1-2020 10:09:32 AM,,,,,,,N,,,,,,,,,,,,,,,,,,,,,,,,,
ZCSU5127805,40RE96,,ZIM,VESSEL,,FCL,PUS,V-ANAM09-500486,ZIMUMTL0083836,EXPRT,ANAM / 09,28037.7,4840,,3-4-2020 10:36:39 AM,,,GDSM  GENERAL DEPARTMENT STORE MERCHANDISE,,-18,C,N,,,,,,,,,,,,,,,,,,,,,,,,,
TGBU2614451,20GP86,,ZIM,VESSEL,,FCL,YOK,V-ANAM09-470102,ZIMUMTL0083317,EXPRT,ANAM / 09,23750,2350,,3-1-2020 10:06:37 AM,,,,,,,N,,,,,,,,,,,,,,,,,,,,,,,,,
TLLU4592060,40GP96,,ZIM,VESSEL,,FCL,PUS,V-ANAM09-301116,ZIMUVAN0081039,EXPRT,ANAM / 09,27950,3700,,3-5-2020 9:21:04 AM,,,LUMBER,,,,N,,,,,,,,,,,,,,,,,,,,,,,,,
SZLU9064478,40RE96,,ZIM,VESSEL,,FCL,XMN,V-ANAM09-380486,ZIMUVAN0081687,EXPRT,ANAM / 09,30895.84,4750,,3-6-2020 9:27:44 AM,,,"PORK, FROZEN",,-18,C,N,,,,,,,,,,,,,,,,,,,,,,,,,
ZCSU7045711,40GP96,,ZIM,VESSEL,,FCL,NGB,V-ANAM09-580314,ZIMUVAN0081666,EXPRT,ANAM / 09,28900,3900,,3-6-2020 10:33:07 AM,,,METAL SCRAP,,,,N,,,,,,,,,,,,,,,,,,,,,,,,,
TEMU6771459,40GP96,,ZIM,VESSEL,,FCL,NGB,V-ANAM09-380208,SSPHVAN0081388,EXPRT,ANAM / 09,27900,3890,,3-5-2020 9:06:50 AM,,,"WOODPULP, BALED-UNITIZED",,,,N,,,,,,,,,,,,,,,,,,,,,,,,,
ZCSU8785311,40GP96,,ZIM,VESSEL,,FCL,PUS,V-ANAM09-500188,ZIMUVAN937825,EXPRT,ANAM / 09,24417,3900.89,,3-1-2020 5:21:30 PM,,,,,,,N,,,,,,,,,,,,,,,,,,,,,,,,,
ZCSU8625674,40GP96,,ZIM,VESSEL,,FCL,SHA,V-ANAM09-100016,ZIMUVAN0081292,EXPRT,ANAM / 09,29350,4000,,3-1-2020 10:39:15 AM,,,,,,,N,,,,,,,,,,,,,,,,,,,,,,,,,
TCNU2752152,40GP96,,ZIM,VESSEL,,FCL,SHA,V-ANAM09-100310,ZIMUVAN0081292,EXPRT,ANAM / 09,29150,4000,,3-1-2020 8:56:10 AM,,,,,,,N,,,,,,,,,,,,,,,,,,,,,,,,,
TCNU4253682,40GP96,,ZIM,VESSEL,,FCL,SHA,V-ANAM09-100314,ZIMUVAN0081292,EXPRT,ANAM / 09,29350,4000,,3-1-2020 8:43:58 AM,,,,,,,N,,,,,,,,,,,,,,,,,,,,,,,,,
ZCSU7095137,40GP96,,ZIM,VESSEL,,FCL,SHA,V-ANAM09-100114,ZIMUVAN0081292,EXPRT,ANAM / 09,29350,4000,,3-1-2020 2:25:25 PM,,,,,,,N,,,,,,,,,,,,,,,,,,,,,,,,,
ZCSU8587532,40GP96,,ZIM,VESSEL,,FCL,SHA,V-ANAM09-100416,ZIMUVAN0081292,EXPRT,ANAM / 09,29270,4000,,3-1-2020 9:05:39 AM,,,,,,,N,,,,,,,,,,,,,,,,,,,,,,,,,
SZLU9005562,40RE96,,ZIM,VESSEL,,FCL,PUS,V-ANAM09-500212,ZIMUMTL0083655,EXPRT,ANAM / 09,28420,4780,,2-26-2020 2:06:40 PM,,,CUTTLEFISH FROZEN DRIED OR SALTED,,-18,C,N,,,,,,,,,,,,,,,,,,,,,,,,,
ZMOU8872936,40RE96,,ZIM,VESSEL,,FCL,PUS,V-ANAM09-500210,ZIMUMTL0083504,EXPRT,ANAM / 09,30541,4330,,2-26-2020 2:36:21 PM,,,POLYMER,,22,C,N,,,,,,,,,,,,,,,,,,,,,,,,,
TCNU5777724,40GP96,,ZIM,VESSEL,,FCL,SHA,V-ANAM09-100414,ZIMUVAN0081292,EXPRT,ANAM / 09,29290,3855.54,,3-1-2020 9:11:45 AM,,,,,,,N,,,,,,,,,,,,,,,,,,,,,,,,,
ZIMU1179991,20GP86,,ZIM,VESSEL,,FCL,PUS,V-ANAM09-290502,ZIMUVAN0081015,EXPRT,ANAM / 09,20800,2258,,3-1-2020 9:09:30 AM,,,,,,,N,,,,,,,,,,,,,,,,,,,,,,,,,
ZIMU1327297,20GP86,,ZIM,VESSEL,,FCL,SHA,V-ANAM09-090208,ZIMUVAN0081014,EXPRT,ANAM / 09,20800,2260,,3-1-2020 10:17:31 AM,,,,,,,N,,,,,,,,,,,,,,,,,,,,,,,,,
ZCSU2647640,40GP86,,ZIM,VESSEL,,FCL,XMN,V-ANAM09-221316,ZIMUVAN0081112,EXPRT,ANAM / 09,28680,3800,,3-1-2020 10:09:21 AM,,,,,,,N,,,,,,,,,,,,,,,,,,,,,,,,,
CAIU3203019,20GP86,,ZIM,VESSEL,,FCL,SHA,V-ANAM09-090106,ZIMUMTL0084252,EXPRT,ANAM / 09,29217,2185,,3-5-2020 11:22:55 AM,,,,,,,N,,,,,,,,,,,,,,,,,,,,,,,,,
TEMU4224792,20GP86,,ZIM,VESSEL,,FCL,PUS,V-ANAM09-290802,ZIMUMTL904628,EXPRT,ANAM / 09,29202,2200,,3-5-2020 10:38:42 AM,,,"LENTILS, BULK",,,,N,,,,,,,,,,,,,,,,,,,,,,,,,
ZCSU7061728,40GP96,,ZIM,VESSEL,,FCL,NGB,V-ANAM09-380012,ZIMUVAN937854,EXPRT,ANAM / 09,29383,3900,,3-5-2020 1:35:26 PM,,,"WOODPULP, BALED-UNITIZED",,,,N,,,,,,,,,,,,,,,,,,,,,,,,,
TDTU0604904,40GP96,,ZIM,VESSEL,,FCL,NGB,V-ANAM09-380006,ZIMUVAN937854,EXPRT,ANAM / 09,30181,4010,,3-5-2020 1:41:17 PM,,,"WOODPULP, BALED-UNITIZED",,,,N,,,,,,,,,,,,,,,,,,,,,,,,,
ZCSU8939398,40GP96,,ZIM,VESSEL,,FCL,NGB,V-ANAM09-380004,ZIMUVAN937854,EXPRT,ANAM / 09,29337,3900,,3-5-2020 1:42:24 PM,,,"WOODPULP, BALED-UNITIZED",,,,N,,,,,,,,,,,,,,,,,,,,,,,,,
CAIU3506550,20GP86,,ZIM,VESSEL,,FCL,XMN,V-ANAM09-210910,ZIMUMTL0083980,EXPRT,ANAM / 09,29122,2200,,3-5-2020 10:54:40 AM,,,"LENTILS, BULK",,,,N,,,,,,,,,,,,,,,,,,,,,,,,,
ZCSU2621115,40GP86,,ZIM,VESSEL,,FCL,NGB,V-ANAM09-380410,ZIMUVAN937853,EXPRT,ANAM / 09,29365,3680,,3-6-2020 9:15:19 AM,,,"WOODPULP, BALED-UNITIZED",,,,N,,,,,,,,,,,,,,,,,,,,,,,,,
TCNU2298097,40GP96,,ZIM,VESSEL,,FCL,NGB,V-ANAM09-580114,ZIMUVAN937854,EXPRT,ANAM / 09,30200,3700,,3-5-2020 3:37:01 PM,,,"WOODPULP, BALED-UNITIZED",,,,N,,,,,,,,,,,,,,,,,,,,,,,,,
GAOU6139355,40GP96,,ZIM,VESSEL,,FCL,NGB,V-ANAM09-580110,ZIMUVAN937854,EXPRT,ANAM / 09,29710,3700,,3-5-2020 3:40:47 PM,,,"WOODPULP, BALED-UNITIZED",,,,N,,,,,,,,,,,,,,,,,,,,,,,,,
ZCSU5865856,40RE96,,ZIM,VESSEL,,FCL,PUS,V-ANAM09-500310,ZIMUMTL0083471,EXPRT,ANAM / 09,28345,4660,,2-26-2020 10:23:39 AM,,,FAK OR CARGO NOS,,-18,C,N,,,,,,,,,,,,,,,,,,,,,,,,,
BSIU9611688,40GP96,,ZIM,VESSEL,,FCL,NGB,V-ANAM09-380314,ZIMUVAN937854,EXPRT,ANAM / 09,29481,3770,,3-5-2020 2:03:47 PM,,,"WOODPULP, BALED-UNITIZED",,,,N,,,,,,,,,,,,,,,,,,,,,,,,,
TCKU3957168,20GP86,,ZIM,VESSEL,,FCL,NGB,V-ANAM09-370304,ZIMUMTL904748,EXPRT,ANAM / 09,27264,2100,,3-5-2020 3:33:47 PM,,,CHICK PEAS,,,,N,,,,,,,,,,,,,,,,,,,,,,,,,
ZIMU1403720,20GP86,,ZIM,VESSEL,,FCL,XMN,V-ANAM09-210908,ZIMUMTL0083980,EXPRT,ANAM / 09,29312,2260,,3-5-2020 11:26:24 AM,,,"LENTILS, BULK",,,,N,,,,,,,,,,,,,,,,,,,,,,,,,
CAIU2766867,20GP86,,ZIM,VESSEL,,FCL,XMN,V-ANAM09-230908,ZIMUMTL0083980,EXPRT,ANAM / 09,29242,2200,,3-5-2020 11:32:16 AM,,,"LENTILS, BULK",,,,N,,,,,,,,,,,,,,,,,,,,,,,,,
TCNU9445796,40GP96,,ZIM,VESSEL,,FCL,NGB,V-ANAM09-580106,ZIMUVAN937853,EXPRT,ANAM / 09,29494,3950,,3-6-2020 9:36:43 AM,,,WODOPULP,,,,N,,,,,,,,,,,,,,,,,,,,,,,,,
ZCSU2573491,40GP86,,ZIM,VESSEL,,FCL,NGB,V-ANAM09-660114,ZIMUVAN937853,EXPRT,ANAM / 09,29170,3740,,3-6-2020 9:26:51 AM,,,"WOODPULP, BALED-UNITIZED",,,,N,,,,,,,,,,,,,,,,,,,,,,,,,
ZCSU2757122,40GP86,,ZIM,VESSEL,,FCL,NGB,V-ANAM09-380210,ZIMUVAN937853,EXPRT,ANAM / 09,29380,3720,,3-6-2020 9:19:51 AM,,,"WOODPULP, BALED-UNITIZED",,,,N,,,,,,,,,,,,,,,,,,,,,,,,,
ZCSU8749675,40GP96,,ZIM,VESSEL,,FCL,NGB,V-ANAM09-580116,ZIMUVAN937854,EXPRT,ANAM / 09,28995,3900,,3-5-2020 3:07:25 PM,,,"WOODPULP, BALED-UNITIZED",,,,N,,,,,,,,,,,,,,,,,,,,,,,,,
BMOU2002684,20GP86,,ZIM,VESSEL,,FCL,XMN,V-ANAM09-231110,ZIMUMTL0083980,EXPRT,ANAM / 09,29262,2220,,3-5-2020 1:17:28 PM,,,"LENTILS, BULK",,,,N,,,,,,,,,,,,,,,,,,,,,,,,,
JXLU8656021,40GP96,,ZIM,VESSEL,,FCL,PUS,V-ANAM09-500202,ZIMUVAN0081199,EXPRT,ANAM / 09,30075,3900,,3-5-2020 2:27:19 PM,,,LUMBER,,,,N,,,,,,,,,,,,,,,,,,,,,,,,,
TCNU8776059,40GP96,,ZIM,VESSEL,,FCL,PUS,V-ANAM09-300608,ZIMUVAN0081199,EXPRT,ANAM / 09,29275,3810,,3-5-2020 2:39:28 PM,,,LUMBER,,,,N,,,,,,,,,,,,,,,,,,,,,,,,,
TGBU7180954,40GP96,,ZIM,VESSEL,,FCL,PUS,V-ANAM09-301308,ZIMUVAN0081188,EXPRT,ANAM / 09,27271,3700,,3-5-2020 10:41:15 AM,,,"WOODPULP, BALED-UNITIZED",,,,N,,,,,,,,,,,,,,,,,,,,,,,,,
TCNU1050803,40GP96,,ZIM,VESSEL,,FCL,NGB,V-ANAM09-580102,ZIMUVAN937853,EXPRT,ANAM / 09,29763,3700,,3-6-2020 9:40:13 AM,,,"WOODPULP, BALED-UNITIZED",,,,N,,,,,,,,,,,,,,,,,,,,,,,,,
FCIU8992469,40GP96,,ZIM,VESSEL,,FCL,NGB,V-ANAM09-580016,ZIMUVAN937854,EXPRT,ANAM / 09,29378,3830,,3-5-2020 2:47:29 PM,,,"WOODPULP, BALED-UNITIZED",,,,N,,,,,,,,,,,,,,,,,,,,,,,,,
DFSU4236256,40GP86,,ZIM,VESSEL,,FCL,NGB,V-ANAM09-380408,ZIMUVAN937853,EXPRT,ANAM / 09,29730,3700,,3-6-2020 9:16:48 AM,,,"WOODPULP, BALED-UNITIZED",,,,N,,,,,,,,,,,,,,,,,,,,,,,,,
ZCSU2584834,40GP86,,ZIM,VESSEL,,FCL,NGB,V-ANAM09-660116,ZIMUVAN937853,EXPRT,ANAM / 09,30028,3720,,3-6-2020 9:25:28 AM,,,"WOODPULP, BALED-UNITIZED",,,,N,,,,,,,,,,,,,,,,,,,,,,,,,
TRIU8199674,40RE96,,ZIM,VESSEL,,FCL,PUS,V-ANAM09-500182,ZIMUMTL0084029,EXPRT,ANAM / 09,30816,4800,,3-4-2020 1:56:00 PM,,,"PORK, FROZEN",,-18,C,N,,,,,,,,,,,,,,,,,,,,,,,,,
CAIU3029545,20GP86,,ZIM,VESSEL,,FCL,SHA,V-ANAM09-110108,ZIMUMTL0084252,EXPRT,ANAM / 09,29232,2200,,3-5-2020 11:12:00 AM,,,,,,,N,,,,,,,,,,,,,,,,,,,,,,,,,
ZCSU7157305,40GP96,,ZIM,VESSEL,,FCL,KHH,V-ANAM09-660086,ZIMUORF0962701,EXPRT,ANAM / 09,28904,3700,,3-5-2020 11:27:29 AM,,,CUT GREENS,,,,N,,,,,,,,,,,,,,,,,,,,,,,,,
TCNU2764641,40GP96,,ZIM,VESSEL,,FCL,KHH,V-ANAM09-660084,ZIMUORF0962701,EXPRT,ANAM / 09,28904,3700,,3-5-2020 12:45:36 PM,,,CUT GREENS,,,,N,,,,,,,,,,,,,,,,,,,,,,,,,
ZCSU8834000,40GP96,,ZIM,VESSEL,,FCL,PUS,V-ANAM09-500116,ZIMUVAN0081188,EXPRT,ANAM / 09,28041,3900,,3-5-2020 1:57:12 PM,,,"WOODPULP, BALED-UNITIZED",,,,N,,,,,,,,,,,,,,,,,,,,,,,,,
FSCU8156030,40GP96,,ZIM,VESSEL,,FCL,PUS,V-ANAM09-300610,ZIMUVAN0081169,EXPRT,ANAM / 09,27765,3830,,3-5-2020 2:34:36 PM,,,LUMBER,,,,N,,,,,,,,,,,,,,,,,,,,,,,,,
TGHU2699300,20GP86,,ZIM,VESSEL,,FCL,XMN,V-ANAM09-230906,ZIMUMTL0083980,EXPRT,ANAM / 09,29242,2200,,3-5-2020 1:06:24 PM,,,"LENTILS, BULK",,,,N,,,,,,,,,,,,,,,,,,,,,,,,,
FSCU8213974,40GP96,,ZIM,VESSEL,,FCL,PUS,V-ANAM09-500114,ZIMUVAN0081199,EXPRT,ANAM / 09,28855,38300,,3-5-2020 2:09:48 PM,,,LUMBER,,,,N,,,,,,,,,,,,,,,,,,,,,,,,,
TCKU6008020,40GP96,,ZIM,VESSEL,,FCL,PUS,V-ANAM09-500102,ZIMUVAN0081188,EXPRT,ANAM / 09,27256,3730,,3-5-2020 2:25:26 PM,,,"WOODPULP, BALED-UNITIZED",,,,N,,,,,,,,,,,,,,,,,,,,,,,,,
ZCSU7037038,40GP96,,ZIM,VESSEL,,FCL,NGB,V-ANAM09-380310,ZIMUVAN937854,EXPRT,ANAM / 09,29448,3900,,3-5-2020 2:41:46 PM,,,"WOODPULP, BALED-UNITIZED",,,,N,,,,,,,,,,,,,,,,,,,,,,,,,
ZCSU7044130,40GP96,,ZIM,VESSEL,,FCL,NGB,V-ANAM09-580202,ZIMUVAN937854,EXPRT,ANAM / 09,30010,3900,,3-5-2020 2:46:16 PM,,,"WOODPULP, BALED-UNITIZED",,,,N,,,,,,,,,,,,,,,,,,,,,,,,,
ZCSU7051972,40GP96,,ZIM,VESSEL,,FCL,NGB,V-ANAM09-380008,ZIMUVAN937854,EXPRT,ANAM / 09,29909,3900,,3-5-2020 1:39:35 PM,,,"WOODPULP, BALED-UNITIZED",,,,N,,,,,,,,,,,,,,,,,,,,,,,,,
ZCSU8643106,40GP96,,ZIM,VESSEL,,FCL,NGB,V-ANAM09-380316,ZIMUVAN937854,EXPRT,ANAM / 09,29700,3900,,3-5-2020 2:02:34 PM,,,"WOODPULP, BALED-UNITIZED",,,,N,,,,,,,,,,,,,,,,,,,,,,,,,
TCNU4411833,40GP96,,ZIM,VESSEL,,FCL,PUS,V-ANAM09-500214,ZIMUVAN0081188,EXPRT,ANAM / 09,27464,3900,,3-5-2020 2:05:12 PM,,,"WOODPULP, BALED-UNITIZED",,,,N,,,,,,,,,,,,,,,,,,,,,,,,,
ZCSU8863585,40GP96,,ZIM,VESSEL,,FCL,PUS,V-ANAM09-500014,ZIMUVAN0081188,EXPRT,ANAM / 09,27361,3860,,3-5-2020 2:06:34 PM,,,"WOODPULP, BALED-UNITIZED",,,,N,,,,,,,,,,,,,,,,,,,,,,,,,
ZCSU8505730,40GP96,,ZIM,VESSEL,,FCL,NGB,V-ANAM09-380204,ZIMUVAN937854,EXPRT,ANAM / 09,29778,3890,,3-5-2020 1:28:39 PM,,,"WOODPULP, BALED-UNITIZED",,,,N,,,,,,,,,,,,,,,,,,,,,,,,,
ZCSU8936866,40GP96,,ZIM,VESSEL,,FCL,NGB,V-ANAM09-380202,ZIMUVAN937854,EXPRT,ANAM / 09,29555,3900,,3-5-2020 1:31:28 PM,,,"WOODPULP, BALED-UNITIZED",,,,N,,,,,,,,,,,,,,,,,,,,,,,,,
TCNU8934302,40GP96,,ZIM,VESSEL,,FCL,NGB,V-ANAM09-380016,ZIMUVAN937854,EXPRT,ANAM / 09,30181,3900,,3-5-2020 1:33:39 PM,,,"WOODPULP, BALED-UNITIZED",,,,N,,,,,,,,,,,,,,,,,,,,,,,,,
BEAU5330527,40GP96,,ZIM,VESSEL,,FCL,NGB,V-ANAM09-380014,ZIMUVAN937854,EXPRT,ANAM / 09,29183,3700,,3-5-2020 1:34:30 PM,,,"WOODPULP, BALED-UNITIZED",,,,N,,,,,,,,,,,,,,,,,,,,,,,,,
GVCU5324972,40GP96,,ZIM,VESSEL,,FCL,NGB,V-ANAM09-380010,ZIMUVAN937854,EXPRT,ANAM / 09,29531,3840,,3-5-2020 1:38:01 PM,,,"WOODPULP, BALED-UNITIZED",,,,N,,,,,,,,,,,,,,,,,,,,,,,,,
TCNU1764380,40GP96,,ZIM,VESSEL,,FCL,NGB,V-ANAM09-380116,ZIMUVAN937854,EXPRT,ANAM / 09,29306,3700,,3-5-2020 1:45:32 PM,,,"WOODPULP, BALED-UNITIZED",,,,N,,,,,,,,,,,,,,,,,,,,,,,,,
GAOU6088031,40GP96,,ZIM,VESSEL,,FCL,NGB,V-ANAM09-380114,ZIMUVAN937854,EXPRT,ANAM / 09,29142,3700,,3-5-2020 1:48:18 PM,,,"WOODPULP, BALED-UNITIZED",,,,N,,,,,,,,,,,,,,,,,,,,,,,,,
CAIU4303630,40GP96,,ZIM,VESSEL,,FCL,NGB,V-ANAM09-380112,ZIMUVAN937854,EXPRT,ANAM / 09,29852,3750,,3-5-2020 1:49:55 PM,,,"WOODPULP, BALED-UNITIZED",,,,N,,,,,,,,,,,,,,,,,,,,,,,,,
ZCSU8944558,40GP96,,ZIM,VESSEL,,FCL,NGB,V-ANAM09-580004,ZIMUVAN937854,EXPRT,ANAM / 09,29965,3900,,3-5-2020 2:59:42 PM,,,"WOODPULP, BALED-UNITIZED",,,,N,,,,,,,,,,,,,,,,,,,,,,,,,
TGBU7178983,40GP96,,ZIM,VESSEL,,FCL,PUS,V-ANAM09-500314,ZIMUVAN0081199,EXPRT,ANAM / 09,27965,3700,,3-5-2020 2:11:22 PM,,,LUMBER,,,,N,,,,,,,,,,,,,,,,,,,,,,,,,
ZCSU8889208,40GP96,,ZIM,VESSEL,,FCL,SHA,V-ANAM09-100116,ZIMUVAN0081292,EXPRT,ANAM / 09,29350,4000,,3-1-2020 1:48:51 PM,,,,,,,N,,,,,,,,,,,,,,,,,,,,,,,,,
ZCSU8210087,40GP96,,ZIM,VESSEL,,FCL,SHA,V-ANAM09-100010,ZIMUVAN0081292,EXPRT,ANAM / 09,29350,4000,,3-1-2020 11:50:55 AM,,,,,,,N,,,,,,,,,,,,,,,,,,,,,,,,,
TCNU8780742,40GP96,,ZIM,VESSEL,,FCL,SHA,V-ANAM09-100210,ZIMUVAN0081292,EXPRT,ANAM / 09,29260,4000,,3-1-2020 10:28:18 AM,,,,,,,N,,,,,,,,,,,,,,,,,,,,,,,,,
ZCSU8427956,40GP96,,ZIM,VESSEL,,FCL,NGB,V-ANAM09-380104,ZIMUVAN937854,EXPRT,ANAM / 09,29880,3890,,3-5-2020 1:58:16 PM,,,"WOODPULP, BALED-UNITIZED",,,,N,,,,,,,,,,,,,,,,,,,,,,,,,
ZCSU7049384,40GP96,,ZIM,VESSEL,,FCL,NGB,V-ANAM09-380108,ZIMUVAN937854,EXPRT,ANAM / 09,28909,3900,,3-5-2020 1:54:21 PM,,,"WOODPULP, BALED-UNITIZED",,,,N,,,,,,,,,,,,,,,,,,,,,,,,,
ZCSU7156037,40GP96,,ZIM,VESSEL,,FCL,PUS,V-ANAM09-500316,ZIMUVAN0081188,EXPRT,ANAM / 09,27760,3700,,3-5-2020 2:00:42 PM,,,"WOODPULP, BALED-UNITIZED",,,,N,,,,,,,,,,,,,,,,,,,,,,,,,
TGBU7205461,40GP96,,ZIM,VESSEL,,FCL,SHA,V-ANAM09-100312,ZIMUVAN0081292,EXPRT,ANAM / 09,29150,3701.31,,3-1-2020 9:01:29 AM,,,,,,,N,,,,,,,,,,,,,,,,,,,,,,,,,
GAOU6045235,40GP96,,ZIM,VESSEL,,FCL,SHA,V-ANAM09-100308,ZIMUVAN0081292,EXPRT,ANAM / 09,29180,4000,,3-1-2020 9:04:43 AM,,,,,,,N,,,,,,,,,,,,,,,,,,,,,,,,,
ZCSU8953863,40GP96,,ZIM,VESSEL,,FCL,SHA,V-ANAM09-100408,ZIMUVAN0081292,EXPRT,ANAM / 09,29350,3900,,3-1-2020 9:52:56 AM,,,,,,,N,,,,,,,,,,,,,,,,,,,,,,,,,
ZCSU8712927,40GP96,,ZIM,VESSEL,,FCL,NGB,V-ANAM09-580006,ZIMUVAN937854,EXPRT,ANAM / 09,29970,3900,,3-5-2020 2:56:28 PM,,,"WOODPULP, BALED-UNITIZED",,,,N,,,,,,,,,,,,,,,,,,,,,,,,,
GAOU6271314,40GP96,,ZIM,VESSEL,,FCL,NGB,V-ANAM09-580108,ZIMUVAN937854,EXPRT,ANAM / 09,29150,3730,,3-5-2020 3:42:44 PM,,,"WOODPULP, BALED-UNITIZED",,,,N,,,,,,,,,,,,,,,,,,,,,,,,,
CAIU3212155,20GP86,,ZIM,VESSEL,,FCL,SHA,V-ANAM09-110106,ZIMUMTL0084252,EXPRT,ANAM / 09,29217,2185,,3-5-2020 12:52:44 PM,,,,,,,N,,,,,,,,,,,,,,,,,,,,,,,,,
CAIU3163132,20GP86,,ZIM,VESSEL,,FCL,SHA,V-ANAM09-110104,ZIMUMTL0084252,EXPRT,ANAM / 09,29232,2160,,3-5-2020 12:57:05 PM,,,,,,,N,,,,,,,,,,,,,,,,,,,,,,,,,
TCKU7152726,40GP96,,ZIM,VESSEL,,FCL,NGB,V-ANAM09-380002,ZIMUVAN937854,EXPRT,ANAM / 09,29921,3700,,3-5-2020 1:43:49 PM,,,"WOODPULP, BALED-UNITIZED",,,,N,,,,,,,,,,,,,,,,,,,,,,,,,
BMOU4519085,40GP96,,ZIM,VESSEL,,FCL,NGB,V-ANAM09-380110,ZIMUVAN937854,EXPRT,ANAM / 09,30135,3860,,3-5-2020 1:52:09 PM,,,"WOODPULP, BALED-UNITIZED",,,,N,,,,,,,,,,,,,,,,,,,,,,,,,
TCNU2750864,40GP96,,ZIM,VESSEL,,FCL,PUS,V-ANAM09-300612,ZIMUVAN0081188,EXPRT,ANAM / 09,27233,3700,,3-5-2020 2:27:58 PM,,,"WOODPULP, BALED-UNITIZED",,,,N,,,,,,,,,,,,,,,,,,,,,,,,,
TGBU7236267,40GP96,,ZIM,VESSEL,,FCL,PUS,V-ANAM09-500402,ZIMUVAN0081188,EXPRT,ANAM / 09,27253,3700,,3-5-2020 2:16:55 PM,,,"WOODPULP, BALED-UNITIZED",,,,N,,,,,,,,,,,,,,,,,,,,,,,,,
TGBU7134199,40GP96,,ZIM,VESSEL,,FCL,PUS,V-ANAM09-500302,ZIMUVAN0081199,EXPRT,ANAM / 09,29290,3700,,3-5-2020 2:26:10 PM,,,LUMBER,,,,N,,,,,,,,,,,,,,,,,,,,,,,,,
TCNU8937425,40GP96,,ZIM,VESSEL,,FCL,NGB,V-ANAM09-380312,ZIMUVAN937854,EXPRT,ANAM / 09,29942,3900,,3-5-2020 2:37:20 PM,,,"WOODPULP, BALED-UNITIZED",,,,N,,,,,,,,,,,,,,,,,,,,,,,,,
ZCSU6542610,40GP96,,ZIM,VESSEL,,FCL,NGB,V-ANAM09-380308,ZIMUVAN937854,EXPRT,ANAM / 09,29241,3730,,3-5-2020 2:42:59 PM,,,"WOODPULP, BALED-UNITIZED",,,,N,,,,,,,,,,,,,,,,,,,,,,,,,
TCNU8870743,40GP96,,ZIM,VESSEL,,FCL,NGB,V-ANAM09-580204,ZIMUVAN937854,EXPRT,ANAM / 09,29150,3810,,3-5-2020 2:44:59 PM,,,"WOODPULP, BALED-UNITIZED",,,,N,,,,,,,,,,,,,,,,,,,,,,,,,
ZCSU8460039,40GP96,,ZIM,VESSEL,,FCL,NGB,V-ANAM09-580014,ZIMUVAN937854,EXPRT,ANAM / 09,29671,3950,,3-5-2020 2:49:59 PM,,,"WOODPULP, BALED-UNITIZED",,,,N,,,,,,,,,,,,,,,,,,,,,,,,,
TCNU2763603,40GP96,,ZIM,VESSEL,,FCL,NGB,V-ANAM09-380206,ZIMUVAN937854,EXPRT,ANAM / 09,30036,3700,,3-5-2020 1:21:19 PM,,,"WOODPULP, BALED-UNITIZED",,,,N,,,,,,,,,,,,,,,,,,,,,,,,,
GAOU6103223,40GP96,,ZIM,VESSEL,,FCL,NGB,V-ANAM09-380106,ZIMUVAN937854,EXPRT,ANAM / 09,29921,3700,,3-5-2020 1:55:41 PM,,,"WOODPULP, BALED-UNITIZED",,,,N,,,,,,,,,,,,,,,,,,,,,,,,,
ZCSU8802065,40GP96,,ZIM,VESSEL,,FCL,NGB,V-ANAM09-380102,ZIMUVAN937854,EXPRT,ANAM / 09,29238,3900,,3-5-2020 2:00:07 PM,,,"WOODPULP, BALED-UNITIZED",,,,N,,,,,,,,,,,,,,,,,,,,,,,,,
ZCSU6519668,40GP96,,ZIM,VESSEL,,FCL,PUS,V-ANAM09-500414,ZIMUVAN0081188,EXPRT,ANAM / 09,27657,3730,,3-5-2020 2:02:57 PM,,,"WOODPULP, BALED-UNITIZED",,,,N,,,,,,,,,,,,,,,,,,,,,,,,,
TCNU4561788,40GP96,,ZIM,VESSEL,,FCL,NGB,V-ANAM09-580008,ZIMUVAN937854,EXPRT,ANAM / 09,29880,3900,,3-5-2020 2:55:01 PM,,,"WOODPULP, BALED-UNITIZED",,,,N,,,,,,,,,,,,,,,,,,,,,,,,,
CAIU2884540,20GP86,,ZIM,VESSEL,,FCL,SHA,V-ANAM09-090104,ZIMUMTL0084252,EXPRT,ANAM / 09,29217,2185,,3-5-2020 12:53:07 PM,,,,,,,N,,,,,,,,,,,,,,,,,,,,,,,,,
ZIMU2780395,20GP86,,ZIM,VESSEL,,FCL,XMN,V-ANAM09-211110,ZIMUMTL0083980,EXPRT,ANAM / 09,29342,2280,,3-5-2020 1:16:40 PM,,,"LENTILS, BULK",,,,N,,,,,,,,,,,,,,,,,,,,,,,,,
ZIMU3019945,20GP86,,ZIM,VESSEL,,FCL,XMN,V-ANAM09-211112,ZIMUMTL0083980,EXPRT,ANAM / 09,29232,2180,,3-5-2020 1:13:43 PM,,,"LENTILS, BULK",,,,N,,,,,,,,,,,,,,,,,,,,,,,,,
TCNU2303017,40GP96,,ZIM,VESSEL,,FCL,PUS,V-ANAM09-301416,ZIMUVAN0081188,EXPRT,ANAM / 09,27271,3700,,3-5-2020 1:14:24 PM,,,"WOODPULP, BALED-UNITIZED",,,,N,,,,,,,,,,,,,,,,,,,,,,,,,
ZIMU3071373,20GP86,,ZIM,VESSEL,,FCL,XMN,V-ANAM09-210906,ZIMUMTL0083980,EXPRT,ANAM / 09,29202,2180,,3-5-2020 1:04:37 PM,,,"LENTILS, BULK",,,,N,,,,,,,,,,,,,,,,,,,,,,,,,
BSIU2252225,20GP86,,ZIM,VESSEL,,FCL,XMN,V-ANAM09-231112,ZIMUMTL0083980,EXPRT,ANAM / 09,29237,2185,,3-5-2020 1:15:28 PM,,,"LENTILS, BULK",,,,N,,,,,,,,,,,,,,,,,,,,,,,,,
TEMU6797237,40GP96,,ZIM,VESSEL,,FCL,NGB,V-ANAM09-580012,ZIMUVAN937854,EXPRT,ANAM / 09,29640,3890,,3-5-2020 2:52:48 PM,,,"WOODPULP, BALED-UNITIZED",,,,N,,,,,,,,,,,,,,,,,,,,,,,,,
ZCSU7189196,40GP96,,ZIM,VESSEL,,FCL,NGB,V-ANAM09-580010,ZIMUVAN937854,EXPRT,ANAM / 09,29240,3700,,3-5-2020 2:53:41 PM,,,"WOODPULP, BALED-UNITIZED",,,,N,,,,,,,,,,,,,,,,,,,,,,,,,
,,,,,,,,,,,,,,,,,,,,,,,,,,,,,,,,,,,,,,,,,,,,,,,